International Financial Statistics (IFS),,,,,,,,,,,,,,,,,,,,,,,,,,,,,,,,,,,,,,,,,,,,,,,,,,,,
,,1970,1971,1972,1973,1974,1975,1976,1977,1978,1979,1980,1981,1982,1983,1984,1985,1986,1987,1988,1989,1990,1991,1992,1993,1994,1995,1996,1997,1998,1999,2000,2001,2002,2003,2004,2005,2006,2007,2008,2009,2010,2011,2012,2013,2014,2015,2016,2017,2018,2019,2020
"Afghanistan, Islamic Rep. of","Exchange Rates, National Currency Per U.S. Dollar, Period Average, Rate",38.69,38.69,38.69,38.69,38.38,34.93,34.93,34.93,34.93,33.85,34.37,38.56,39.28,39.28,39.28,39.28,39.28,39.28,39.28,39.28,39.28,39.28,39.28,39.28,38.82,36.57,47.50,47.50,47.50,46.62,47.36,47.50,47.26,48.76,47.85,49.49,49.93,49.96,50.25,50.33,46.45,46.75,50.92,55.38,57.25,61.14,67.87,68.03,72.08,77.74,
Albania,"Exchange Rates, National Currency Per U.S. Dollar, Period Average, Rate",,,,,,,,,,,,,,,,,,,,,,,75.03,102.06,94.62,92.70,104.50,148.93,150.63,137.69,143.71,143.48,140.15,121.86,102.78,99.87,98.10,90.43,83.89,94.98,103.94,100.90,108.18,105.67,105.48,125.96,124.14,119.10,107.99,109.85,108.65
Algeria,"Exchange Rates, National Currency Per U.S. Dollar, Period Average, Rate",4.94,4.91,4.48,3.96,4.18,3.95,4.16,4.15,3.97,3.85,3.84,4.32,4.59,4.79,4.98,5.03,4.70,4.85,5.91,7.61,8.96,18.47,21.84,23.35,35.06,47.66,54.75,57.71,58.74,66.57,75.26,77.22,79.68,77.39,72.06,73.28,72.65,69.29,64.58,72.65,74.39,72.94,77.54,79.37,80.58,100.69,109.44,110.97,116.59,119.35,
Angola,"Exchange Rates, National Currency Per U.S. Dollar, Period Average, Rate",0.00,0.00,0.00,0.00,0.00,0.00,0.00,0.00,0.00,0.00,0.00,0.00,0.00,0.00,0.00,0.00,0.00,0.00,0.00,0.00,0.00,0.00,0.00,0.00,0.00,0.00,0.13,0.23,0.39,2.79,10.04,22.06,43.53,74.61,83.54,87.16,80.37,76.71,75.03,79.33,91.91,93.93,95.47,96.52,98.30,120.06,163.66,165.92,252.86,364.83,
Anguilla,"Exchange Rates, National Currency Per U.S. Dollar, Period Average, Rate",2.00,1.96,1.92,1.96,2.05,2.17,2.61,2.70,2.70,2.70,2.70,2.70,2.70,2.70,2.70,2.70,2.70,2.70,2.70,2.70,2.70,2.70,2.70,2.70,2.70,2.70,2.70,2.70,2.70,2.70,2.70,2.70,2.70,2.70,2.70,2.70,2.70,2.70,2.70,2.70,2.70,2.70,2.70,2.70,2.70,2.70,2.70,2.70,2.70,2.70,2.70
Antigua and Barbuda,"Exchange Rates, National Currency Per U.S. Dollar, Period Average, Rate",2.00,1.97,1.92,1.96,2.05,2.17,2.61,2.70,2.70,2.70,2.70,2.70,2.70,2.70,2.70,2.70,2.70,2.70,2.70,2.70,2.70,2.70,2.70,2.70,2.70,2.70,2.70,2.70,2.70,2.70,2.70,2.70,2.70,2.70,2.70,2.70,2.70,2.70,2.70,2.70,2.70,2.70,2.70,2.70,2.70,2.70,2.70,2.70,2.70,2.70,2.70
Argentina,"Exchange Rates, National Currency Per U.S. Dollar, Period Average, Rate",0.00,0.00,0.00,0.00,0.00,0.00,0.00,0.00,0.00,0.00,0.00,0.00,0.00,0.00,0.00,0.00,0.00,0.00,0.00,0.04,0.49,0.95,0.99,1.00,1.00,1.00,1.00,1.00,1.00,1.00,1.00,1.00,3.06,2.90,2.92,2.90,3.05,3.10,3.14,3.71,3.90,4.11,4.54,5.46,8.08,9.23,14.76,16.56,28.09,48.15,70.54
"Armenia, Rep. of","Exchange Rates, National Currency Per U.S. Dollar, Period Average, Rate",,,,,,,,,,,,,,,,,,,,,,,,9.11,288.65,405.91,414.04,490.85,504.92,535.06,539.53,555.08,573.35,578.76,533.45,457.69,416.04,342.08,305.97,363.28,373.66,372.50,401.76,409.63,415.92,477.92,480.49,482.72,482.99,480.45,489.01
"Aruba, Kingdom of the Netherlands","Exchange Rates, National Currency Per U.S. Dollar, Period Average, Rate",,,,,,,,,,,,,,,,,1.79,1.79,1.79,1.79,1.79,1.79,1.79,1.79,1.79,1.79,1.79,1.79,1.79,1.79,1.79,1.79,1.79,1.79,1.79,1.79,1.79,1.79,1.79,1.79,1.79,1.79,1.79,1.79,1.79,1.79,1.79,1.79,1.79,1.79,1.79
Australia,"Exchange Rates, National Currency Per U.S. Dollar, Period Average, Rate",0.89,0.88,0.84,0.70,0.70,0.76,0.82,0.90,0.87,0.89,0.88,0.87,0.99,1.11,1.14,1.43,1.50,1.43,1.28,1.26,1.28,1.28,1.36,1.47,1.37,1.35,1.28,1.35,1.59,1.55,1.72,1.93,1.84,1.54,1.36,1.31,1.33,1.20,1.19,1.28,1.09,0.97,0.97,1.04,1.11,1.33,1.35,1.30,1.34,1.44,1.45
Austria,"Exchange Rates, National Currency Per U.S. Dollar, Period Average, Rate",26.00,24.99,23.12,19.58,18.69,17.42,17.94,16.53,14.52,13.37,12.94,15.93,17.06,17.96,20.01,20.69,15.27,12.64,12.35,13.23,11.37,11.68,10.99,11.63,11.42,10.08,10.59,12.20,12.38,,,,,,,,,,,,,,,,,,,,,,
"Azerbaijan, Rep. of","Exchange Rates, National Currency Per U.S. Dollar, Period Average, Rate",,,,,,,,,,,,,,,,,,,,,,,0.01,0.02,0.31,0.88,0.86,0.80,0.77,0.82,0.89,0.93,0.97,0.98,0.98,0.95,0.89,0.86,0.82,0.80,0.80,0.79,0.79,0.78,0.78,1.02,1.60,1.72,1.70,1.70,
"Bahamas, The","Exchange Rates, National Currency Per U.S. Dollar, Period Average, Rate",1.00,1.00,1.00,1.00,1.00,1.00,1.00,1.00,1.00,1.00,1.00,1.00,1.00,1.00,1.00,1.00,1.00,1.00,1.00,1.00,1.00,1.00,1.00,1.00,1.00,1.00,1.00,1.00,1.00,1.00,1.00,1.00,1.00,1.00,1.00,1.00,1.00,1.00,1.00,1.00,1.00,1.00,1.00,1.00,1.00,1.00,1.00,1.00,1.00,1.00,1.00
"Bahrain, Kingdom of","Exchange Rates, National Currency Per U.S. Dollar, Period Average, Rate",0.48,0.47,0.44,0.40,0.39,0.40,0.40,0.40,0.39,0.38,0.38,0.38,0.38,0.38,0.38,0.38,0.38,0.38,0.38,0.38,0.38,0.38,0.38,0.38,0.38,0.38,0.38,0.38,0.38,0.38,0.38,0.38,0.38,0.38,0.38,0.38,0.38,0.38,0.38,0.38,0.38,0.38,0.38,0.38,0.38,0.38,0.38,0.38,0.38,0.38,0.38
Bangladesh,"Exchange Rates, National Currency Per U.S. Dollar, Period Average, Rate",,7.87,7.70,7.85,8.23,12.19,15.40,15.38,15.02,15.55,15.45,17.99,22.12,24.62,25.35,27.99,30.41,30.95,31.73,32.27,34.57,36.60,38.95,39.57,40.21,40.28,41.79,43.89,46.91,49.09,52.14,55.81,57.89,58.15,59.51,64.33,68.93,68.87,68.60,69.04,69.65,74.15,81.86,78.10,77.64,77.95,78.47,80.44,83.47,84.45,84.87
Barbados,"Exchange Rates, National Currency Per U.S. Dollar, Period Average, Rate",2.00,1.97,1.92,1.96,2.05,2.02,2.00,2.00,2.00,2.00,2.00,2.00,2.00,2.00,2.00,2.00,2.00,2.00,2.00,2.00,2.00,2.00,2.00,2.00,2.00,2.00,2.00,2.00,2.00,2.00,2.00,2.00,2.00,2.00,2.00,2.00,2.00,2.00,2.00,2.00,2.00,2.00,2.00,2.00,2.00,2.00,2.00,2.00,2.00,2.00,2.00
"Belarus, Rep. of","Exchange Rates, National Currency Per U.S. Dollar, Period Average, Rate",,,,,,,,,,,,,,,,,,,,,,,,,0.00,0.00,0.00,0.00,0.00,0.02,0.09,0.14,0.18,0.21,0.22,0.22,0.21,0.21,0.21,0.28,0.30,0.50,0.83,0.89,1.02,1.59,1.99,1.93,2.04,2.09,
Belgium,"Exchange Rates, National Currency Per U.S. Dollar, Period Average, Rate",50.00,49.06,44.01,38.98,38.95,36.78,38.61,35.84,31.49,29.32,29.24,37.13,45.69,51.13,57.78,59.38,44.67,37.33,36.77,39.40,33.42,34.15,32.15,34.60,33.46,29.48,30.96,35.77,36.30,,,,,,,,,,,,,,,,,,,,,,
Belgium-Luxembourg,"Exchange Rates, National Currency Per U.S. Dollar, Period Average, Rate",50.00,49.06,44.01,38.98,38.95,36.78,38.61,35.84,31.49,29.32,29.24,37.13,45.69,51.13,57.78,59.38,44.67,37.33,36.77,39.40,33.42,34.15,32.15,34.60,33.46,29.48,30.96,35.77,36.30,,,,,,,,,,,,,,,,,,,,,,
Belize,"Exchange Rates, National Currency Per U.S. Dollar, Period Average, Rate",1.67,1.64,1.60,1.63,1.71,1.81,2.23,2.00,2.00,2.00,2.00,2.00,2.00,2.00,2.00,2.00,2.00,2.00,2.00,2.00,2.00,2.00,2.00,2.00,2.00,2.00,2.00,2.00,2.00,2.00,2.00,2.00,2.00,2.00,2.00,2.00,2.00,2.00,2.00,2.00,2.00,2.00,2.00,2.00,2.00,2.00,2.00,2.00,2.00,2.00,2.00
Benin,"Exchange Rates, National Currency Per U.S. Dollar, Period Average, Rate",276.40,275.36,252.03,222.89,240.70,214.31,238.95,245.68,225.66,212.72,211.28,271.73,328.61,381.07,436.96,449.26,346.31,300.54,297.85,319.01,272.26,282.11,264.69,283.16,555.20,499.15,511.55,583.67,589.95,615.47,710.21,732.40,693.71,579.90,527.34,527.26,522.43,478.63,446.00,470.29,494.79,471.25,510.56,493.90,493.76,591.21,592.61,580.66,555.45,585.95,574.29
Bermuda,"Exchange Rates, National Currency Per U.S. Dollar, Period Average, Rate",1.00,1.00,1.00,1.00,1.00,1.00,1.00,1.00,1.00,1.00,1.00,1.00,1.00,1.00,1.00,1.00,1.00,1.00,1.00,1.00,1.00,1.00,1.00,1.00,1.00,1.00,1.00,1.00,1.00,1.00,1.00,1.00,1.00,1.00,1.00,1.00,1.00,1.00,1.00,1.00,1.00,1.00,1.00,1.00,1.00,1.00,1.00,1.00,1.00,1.00,1.00
Bhutan,"Exchange Rates, National Currency Per U.S. Dollar, Period Average, Rate",7.50,7.49,7.59,7.74,8.10,8.38,8.96,8.74,8.19,8.13,7.86,8.66,9.46,10.10,11.36,12.37,12.61,12.96,13.92,16.23,17.50,22.74,25.92,30.49,31.37,32.43,35.43,36.31,41.26,43.06,44.94,47.19,48.61,46.58,45.32,44.10,45.31,41.35,43.51,48.41,45.73,46.67,53.44,58.60,61.03,64.15,67.20,65.12,68.39,70.42,74.10
Bolivia,"Exchange Rates, National Currency Per U.S. Dollar, Period Average, Rate",0.00,0.00,0.00,0.00,0.00,0.00,0.00,0.00,0.00,0.00,0.00,0.00,0.00,0.00,0.00,0.44,1.92,2.05,2.35,2.69,3.17,3.58,3.90,4.27,4.62,4.80,5.07,5.25,5.51,5.81,6.18,6.61,7.17,7.66,7.94,8.07,8.01,7.85,7.24,7.02,7.02,6.94,6.91,6.91,6.91,6.91,6.91,6.91,6.91,6.91,
Bosnia and Herzegovina,"Exchange Rates, National Currency Per U.S. Dollar, Period Average, Rate",,,,,,,,,,,,,,,,,,,,,,,,,,,,1.73,1.76,1.84,2.12,2.19,2.08,1.73,1.58,1.57,1.56,1.43,1.34,1.41,1.48,1.41,1.52,1.47,1.47,1.76,1.77,1.74,1.66,1.75,
Botswana,"Exchange Rates, National Currency Per U.S. Dollar, Period Average, Rate",0.72,0.71,0.77,0.69,0.68,0.74,0.87,0.84,0.83,0.82,0.78,0.84,1.03,1.10,1.30,1.90,1.88,1.68,1.83,2.01,1.86,2.02,2.11,2.42,2.68,2.77,3.32,3.65,4.23,4.62,5.10,5.84,6.33,4.95,4.69,5.12,5.83,6.14,6.83,7.16,6.79,6.84,7.64,8.40,8.98,10.13,10.90,10.35,10.20,10.76,11.46
Brazil,"Exchange Rates, National Currency Per U.S. Dollar, Period Average, Rate",0.00,0.00,0.00,0.00,0.00,0.00,0.00,0.00,0.00,0.00,0.00,0.00,0.00,0.00,0.00,0.00,0.00,0.00,0.00,0.00,0.00,0.00,0.00,0.04,0.66,0.92,1.01,1.08,1.16,1.81,1.83,2.35,2.92,3.08,2.93,2.43,2.18,1.95,1.83,2.00,1.76,1.67,1.95,2.16,2.35,3.33,3.49,3.19,3.65,3.94,5.16
Brunei Darussalam,"Exchange Rates, National Currency Per U.S. Dollar, Period Average, Rate",3.06,3.05,2.82,2.46,2.44,2.37,2.47,2.44,2.27,2.17,2.14,2.11,2.14,2.11,2.13,2.20,2.18,2.11,2.01,1.95,1.81,1.73,1.63,1.62,1.53,1.42,1.41,1.48,1.67,1.69,1.72,1.79,1.79,1.74,1.69,1.66,1.59,1.51,1.42,1.45,1.36,1.26,1.25,1.25,1.27,1.37,1.38,1.38,1.35,1.36,1.38
Bulgaria,"Exchange Rates, National Currency Per U.S. Dollar, Period Average, Rate",0.00,0.00,0.00,0.00,0.00,,,,,,,,,,,,,,,,,0.02,0.02,0.03,0.05,0.07,0.18,1.68,1.76,1.84,2.12,2.18,2.08,1.73,1.58,1.57,1.56,1.43,1.34,1.41,1.48,1.41,1.52,1.47,1.47,1.76,1.77,1.74,1.66,1.75,1.72
Burkina Faso,"Exchange Rates, National Currency Per U.S. Dollar, Period Average, Rate",276.40,275.36,252.03,222.89,240.70,214.31,238.95,245.68,225.66,212.72,211.28,271.73,328.61,381.07,436.96,449.26,346.31,300.54,297.85,319.01,272.26,282.11,264.69,283.16,555.20,499.15,511.55,583.67,589.95,615.47,710.21,732.40,693.71,579.90,527.34,527.26,522.43,478.63,446.00,470.29,494.79,471.25,510.56,493.90,493.76,591.21,592.61,580.66,555.45,585.91,575.59
Burundi,"Exchange Rates, National Currency Per U.S. Dollar, Period Average, Rate",87.50,87.50,87.50,80.03,78.75,78.75,86.25,90.00,90.00,90.00,90.00,90.00,90.00,92.95,119.71,120.69,114.17,123.56,140.40,158.67,171.26,181.51,208.30,242.78,252.66,249.76,302.75,352.35,447.77,563.56,720.67,830.35,930.75,"1,082.62","1,100.90","1,081.58","1,028.68","1,081.87","1,185.69","1,230.18","1,230.75","1,261.07","1,442.51","1,555.09","1,546.69","1,571.90","1,654.63","1,729.06","1,782.88","1,845.62",
Cabo Verde,"Exchange Rates, National Currency Per U.S. Dollar, Period Average, Rate",28.75,28.36,27.05,24.52,25.41,25.54,30.23,34.05,35.50,37.43,40.17,48.69,58.29,71.69,84.88,91.63,80.14,72.47,72.07,77.98,70.03,71.41,68.02,80.43,81.89,76.85,82.59,93.18,98.16,102.70,115.88,123.21,117.26,97.79,88.75,88.65,87.93,80.62,75.34,80.04,83.28,79.28,86.32,83.07,83.03,99.39,99.69,97.81,93.41,98.50,
Cambodia,"Exchange Rates, National Currency Per U.S. Dollar, Period Average, Rate",55.54,75.82,162.25,244.92,,,,,,,,,,,,,,,,,426.25,718.33,"1,266.58","2,689.00","2,545.25","2,450.83","2,624.08","2,946.25","3,744.42","3,807.83","3,840.75","3,916.33","3,912.08","3,973.33","4,016.25","4,092.50","4,103.25","4,056.17","4,054.17","4,139.33","4,184.92","4,058.50","4,033.00","4,027.25","4,037.50","4,067.75","4,058.69","4,050.58","4,051.17","4,061.15","4,092.78"
Cameroon,"Exchange Rates, National Currency Per U.S. Dollar, Period Average, Rate",276.40,275.36,252.03,222.89,240.70,214.31,238.95,245.68,225.66,212.72,211.28,271.73,328.61,381.07,436.96,449.26,346.31,300.54,297.85,319.01,272.26,282.11,264.69,283.16,555.20,499.15,511.55,583.67,589.95,615.47,710.21,732.40,693.71,579.90,527.34,527.26,522.43,478.63,446.00,470.29,494.79,471.25,510.56,493.90,493.76,591.21,592.61,580.66,555.45,585.91,575.59
Canada,"Exchange Rates, National Currency Per U.S. Dollar, Period Average, Rate",1.04,1.01,0.99,1.00,0.98,1.02,0.99,1.06,1.14,1.17,1.17,1.20,1.23,1.23,1.30,1.37,1.39,1.33,1.23,1.18,1.17,1.15,1.21,1.29,1.37,1.37,1.36,1.38,1.48,1.49,1.49,1.55,1.57,1.40,1.30,1.21,1.13,1.07,1.07,1.14,1.03,0.99,1.00,1.03,1.10,1.28,1.33,1.30,1.30,1.33,1.34
Cayman Islands,"Exchange Rates, National Currency Per U.S. Dollar, Period Average, Rate",0.83,0.83,0.80,0.82,0.84,0.83,0.83,0.83,0.83,0.83,0.83,0.83,0.83,0.83,0.83,0.83,0.83,0.83,0.83,0.83,0.83,0.83,0.83,0.83,0.83,0.83,0.83,0.83,0.83,0.83,0.83,0.83,0.83,0.83,0.83,0.83,0.83,0.83,0.83,0.83,0.83,0.83,0.83,0.83,0.83,0.83,0.83,0.83,0.83,0.83,0.83
Central African Rep.,"Exchange Rates, National Currency Per U.S. Dollar, Period Average, Rate",276.40,275.36,252.03,222.89,240.70,214.31,238.95,245.68,225.66,212.72,211.28,271.73,328.61,381.07,436.96,449.26,346.31,300.54,297.85,319.01,272.26,282.11,264.69,283.16,555.20,499.15,511.55,583.67,589.95,615.47,710.21,732.40,693.71,579.90,527.34,527.26,522.43,478.63,446.00,470.29,494.79,471.25,510.56,493.90,493.76,591.21,592.61,580.66,555.45,585.91,575.59
Chad,"Exchange Rates, National Currency Per U.S. Dollar, Period Average, Rate",276.40,275.36,252.03,222.89,240.70,214.31,238.95,245.68,225.66,212.72,211.28,271.73,328.61,381.07,436.96,449.26,346.31,300.54,297.85,319.01,272.26,282.11,264.69,283.16,555.20,499.15,511.55,583.67,589.95,615.47,710.21,732.40,693.71,579.90,527.34,527.26,522.43,478.63,446.00,470.29,494.79,471.25,510.56,493.90,493.76,591.21,592.61,580.66,555.45,585.91,575.59
Chile,"Exchange Rates, National Currency Per U.S. Dollar, Period Average, Rate",0.01,0.01,0.02,0.07,0.59,4.91,13.05,21.54,31.66,37.25,39.00,39.00,50.91,78.79,98.48,160.86,192.93,219.41,245.01,266.95,304.90,349.22,362.58,404.17,420.18,396.77,412.27,419.30,460.29,508.78,539.59,634.94,688.94,691.40,609.53,559.77,530.28,522.46,522.46,560.86,510.25,483.67,486.47,495.27,570.35,654.12,676.96,648.83,641.28,702.90,792.73
"China, P.R.: Hong Kong","Exchange Rates, National Currency Per U.S. Dollar, Period Average, Rate",6.06,5.98,5.64,5.15,5.03,4.94,4.90,4.66,4.68,5.00,4.98,5.59,6.07,7.27,7.82,7.79,7.80,7.80,7.81,7.80,7.79,7.77,7.74,7.74,7.73,7.74,7.73,7.74,7.75,7.76,7.79,7.80,7.80,7.79,7.79,7.78,7.77,7.80,7.79,7.75,7.77,7.78,7.76,7.76,7.75,7.75,7.76,7.79,7.84,7.84,7.76
"China, P.R.: Macao","Exchange Rates, National Currency Per U.S. Dollar, Period Average, Rate",6.05,5.95,5.71,4.93,5.04,5.13,6.06,5.57,5.03,5.18,5.09,5.75,6.23,7.46,8.04,8.00,8.01,8.01,8.04,8.03,8.02,8.00,7.97,7.97,7.96,7.97,7.97,7.98,7.98,7.99,8.03,8.03,8.03,8.02,8.02,8.01,8.00,8.04,8.02,7.98,8.00,8.02,7.99,7.99,7.99,7.98,8.00,8.03,8.07,8.07,7.99
"China, P.R.: Mainland","Exchange Rates, National Currency Per U.S. Dollar, Period Average, Rate",2.46,2.46,2.25,1.99,1.96,1.86,1.94,1.86,1.68,1.55,1.50,1.70,1.89,1.98,2.32,2.94,3.45,3.72,3.72,3.77,4.78,5.32,5.51,5.76,8.62,8.35,8.31,8.29,8.28,8.28,8.28,8.28,8.28,8.28,8.28,8.19,7.97,7.61,6.95,6.83,6.77,6.46,6.31,6.20,6.14,6.23,6.64,6.76,6.62,6.91,6.90
Colombia,"Exchange Rates, National Currency Per U.S. Dollar, Period Average, Rate",18.44,19.93,21.87,23.64,26.06,30.93,34.69,36.77,39.09,42.55,47.28,54.49,64.08,78.85,100.82,142.31,194.26,242.61,299.17,382.57,502.26,633.05,759.28,863.06,844.84,912.83,"1,036.69","1,140.96","1,426.04","1,756.23","2,087.90","2,299.63","2,504.24","2,877.65","2,628.61","2,320.83","2,361.14","2,078.29","1,967.71","2,158.26","1,898.57","1,848.14","1,796.90","1,868.79","2,001.78","2,741.88","3,054.12","2,951.33","2,955.70","3,280.83","3,694.85"
"Comoros, Union of the","Exchange Rates, National Currency Per U.S. Dollar, Period Average, Rate",276.40,275.35,252.03,222.89,240.70,214.31,238.95,245.68,225.65,212.72,211.28,271.73,328.60,381.06,436.95,449.26,346.30,300.53,297.85,319.01,272.26,282.10,264.69,283.16,416.40,374.36,383.66,437.75,442.46,461.79,532.66,549.30,520.28,434.92,395.50,395.44,391.82,358.98,334.50,352.72,371.10,353.44,382.92,370.42,370.32,443.41,444.45,435.49,416.58,439.46,430.72
"Congo, Dem. Rep. of the","Exchange Rates, National Currency Per U.S. Dollar, Period Average, Rate",0.00,0.00,0.00,0.00,0.00,0.00,0.00,0.00,0.00,0.00,0.00,0.00,0.00,0.00,0.00,0.00,0.00,0.00,0.00,0.00,0.00,0.00,0.00,0.00,0.01,0.07,0.50,1.31,1.61,4.02,21.82,206.62,346.48,405.18,399.48,473.91,468.28,516.75,559.29,809.79,905.91,919.49,919.76,919.57,925.23,925.98,"1,010.30","1,464.42","1,622.52","1,647.76","1,851.12"
"Congo, Rep. of","Exchange Rates, National Currency Per U.S. Dollar, Period Average, Rate",276.40,275.36,252.03,222.89,240.70,214.31,238.95,245.68,225.66,212.72,211.28,271.73,328.61,381.07,436.96,449.26,346.31,300.54,297.85,319.01,272.26,282.11,264.69,283.16,555.20,499.15,511.55,583.67,589.95,615.47,710.21,732.40,693.71,579.90,527.34,527.26,522.43,478.63,446.00,470.29,494.79,471.25,510.56,493.90,493.76,591.21,592.61,580.66,555.45,585.91,575.59
Costa Rica,"Exchange Rates, National Currency Per U.S. Dollar, Period Average, Rate",6.63,6.63,6.63,6.65,7.93,8.57,8.57,8.57,8.57,8.57,8.57,21.76,37.41,41.09,44.53,50.45,55.99,62.78,75.80,81.50,91.58,122.43,134.51,142.17,157.07,179.73,207.69,232.60,257.23,285.68,308.19,328.87,359.82,398.66,437.94,477.79,511.30,516.62,526.24,573.29,525.83,505.66,502.90,499.77,538.32,534.57,544.74,567.51,576.97,587.29,584.90
Côte d'Ivoire,"Exchange Rates, National Currency Per U.S. Dollar, Period Average, Rate",276.40,275.36,252.03,222.89,240.70,214.31,238.95,245.68,225.66,212.72,211.28,271.73,328.61,381.07,436.96,449.26,346.31,300.54,297.85,319.01,272.26,282.11,264.69,283.16,555.20,499.15,511.55,583.67,589.95,615.47,710.21,732.40,693.71,579.90,527.34,527.26,522.43,478.63,446.00,470.29,494.79,471.25,510.56,493.90,493.76,591.21,592.61,580.66,555.45,585.91,575.59
"Croatia, Rep. of","Exchange Rates, National Currency Per U.S. Dollar, Period Average, Rate",,,,,,,,,,,,,,,,,,,,,,,0.26,3.58,6.00,5.23,5.43,6.16,6.36,7.11,8.28,8.34,7.87,6.70,6.03,5.95,5.84,5.36,4.94,5.28,5.50,5.34,5.85,5.70,5.75,6.86,6.81,6.62,6.28,6.62,6.61
Cuba,"Exchange Rates, National Currency Per U.S. Dollar, Period Average, Rate",1.00,1.00,0.92,0.84,0.82,,,,,,,,,,,,,,,,,,,,,,,,,,,,,,,,,,,,,,,,,,,,,,
Curaçao and Sint Maarten,"Exchange Rates, National Currency Per U.S. Dollar, Period Average, Rate",,,,,,,,,,,,,,,,,,,,,,,,,,,,,,,,,,,,,,,,,1.79,1.79,1.79,1.79,1.79,1.79,1.79,1.79,1.79,1.79,1.79
"Curaçao, Kingdom of the Netherlands","Exchange Rates, National Currency Per U.S. Dollar, Period Average, Rate",,,,,,,,,,,,,,,,,,,,,,,,,,,,,,,,,,,,,,,,,,1.79,1.79,1.79,1.79,1.79,1.79,1.79,1.79,1.79,1.79
Cyprus,"Exchange Rates, National Currency Per U.S. Dollar, Period Average, Rate",0.42,0.41,0.38,0.35,0.36,0.37,0.41,0.41,0.37,0.35,0.35,0.42,0.48,0.53,0.59,0.61,0.52,0.48,0.47,0.49,0.46,0.46,0.45,0.50,0.49,0.45,0.47,0.51,0.52,0.54,0.62,0.64,0.61,0.52,0.47,0.46,0.46,0.43,,,,,,,,,,,,,
Czech Rep.,"Exchange Rates, National Currency Per U.S. Dollar, Period Average, Rate",,,,,,,,,,,,,,,,,,,,,,,,29.15,28.79,26.54,27.14,31.70,32.28,34.57,38.60,38.04,32.74,28.21,25.70,23.96,22.60,20.29,17.07,19.06,19.10,17.70,19.58,19.57,20.76,24.60,24.44,23.38,21.73,22.93,23.21
Czechoslovakia,"Exchange Rates, National Currency Per U.S. Dollar, Period Average, Rate",,,,21.92,21.98,20.93,21.66,15.03,14.40,14.11,14.27,13.25,13.71,14.16,16.61,17.14,14.99,13.69,14.36,15.05,17.95,29.48,28.18,,,,,,,,,,,,,,,,,,,,,,,,,,,,
Denmark,"Exchange Rates, National Currency Per U.S. Dollar, Period Average, Rate",7.50,7.43,6.95,6.05,6.09,5.75,6.05,6.00,5.51,5.26,5.64,7.12,8.33,9.14,10.36,10.60,8.09,6.84,6.73,7.31,6.19,6.40,6.04,6.48,6.36,5.60,5.80,6.60,6.70,6.98,8.08,8.32,7.89,6.59,5.99,6.00,5.95,5.44,5.10,5.36,5.62,5.37,5.79,5.62,5.61,6.73,6.73,6.60,6.31,6.67,6.54
Djibouti,"Exchange Rates, National Currency Per U.S. Dollar, Period Average, Rate",214.39,213.78,197.47,179.94,177.72,177.72,177.72,177.72,177.72,177.72,177.72,177.72,177.72,177.72,177.72,177.72,177.72,177.72,177.72,177.72,177.72,177.72,177.72,177.72,177.72,177.72,177.72,177.72,177.72,177.72,177.72,177.72,177.72,177.72,177.72,177.72,177.72,177.72,177.72,177.72,177.72,177.72,177.72,177.72,177.72,177.72,177.72,177.72,177.72,177.72,177.72
Dominica,"Exchange Rates, National Currency Per U.S. Dollar, Period Average, Rate",2.00,1.97,1.92,1.96,2.05,2.17,2.61,2.70,2.70,2.70,2.70,2.70,2.70,2.70,2.70,2.70,2.70,2.70,2.70,2.70,2.70,2.70,2.70,2.70,2.70,2.70,2.70,2.70,2.70,2.70,2.70,2.70,2.70,2.70,2.70,2.70,2.70,2.70,2.70,2.70,2.70,2.70,2.70,2.70,2.70,2.70,2.70,2.70,2.70,2.70,2.70
Dominican Rep.,"Exchange Rates, National Currency Per U.S. Dollar, Period Average, Rate",1.00,1.00,1.00,1.00,1.00,1.00,1.00,1.00,1.00,1.00,1.00,1.00,1.00,1.00,1.00,3.11,2.90,3.84,6.11,6.34,8.53,12.58,12.50,12.50,12.62,12.87,12.90,14.01,14.70,15.83,16.18,16.69,17.59,29.37,41.93,30.28,33.30,33.17,34.53,35.97,36.82,38.09,39.32,41.79,43.55,45.05,46.06,47.53,49.51,51.29,
Eastern Germany,"Exchange Rates, National Currency Per U.S. Dollar, Period Average, Rate",2.22,2.21,2.05,1.86,,,,,,,,,,,,,,,,,,,,,,,,,,,,,,,,,,,,,,,,,,,,,,,
Ecuador,"Exchange Rates, National Currency Per U.S. Dollar, Period Average, Rate",20.92,25.00,25.00,25.00,25.00,25.00,25.00,25.00,25.00,25.00,25.00,25.00,30.03,44.12,62.54,69.56,122.78,170.46,301.61,526.35,767.75,"1,046.25","1,533.96","1,919.11","2,196.73","2,564.49","3,189.47","3,998.27","5,446.57","11,786.80",1.00,1.00,1.00,1.00,1.00,1.00,1.00,1.00,1.00,1.00,1.00,1.00,1.00,1.00,1.00,1.00,1.00,1.00,1.00,1.00,1.00
"Egypt, Arab Rep. of","Exchange Rates, National Currency Per U.S. Dollar, Period Average, Rate",0.43,0.43,0.43,0.40,0.39,0.39,0.39,0.39,0.39,0.70,0.70,0.70,0.70,0.70,0.70,0.70,0.70,0.70,0.70,0.87,1.55,3.14,3.32,3.35,3.39,3.39,3.39,3.39,3.39,3.40,3.47,3.97,4.50,5.85,6.20,5.78,5.73,5.64,5.43,5.54,5.62,5.93,6.06,6.87,7.08,7.69,10.03,17.78,17.77,16.77,
El Salvador,"Exchange Rates, National Currency Per U.S. Dollar, Period Average, Rate",2.50,2.50,2.50,2.50,2.50,2.50,2.50,2.50,2.50,2.50,2.50,2.50,2.50,2.50,2.50,2.50,4.85,5.00,5.00,5.00,6.85,8.02,8.36,8.70,8.73,8.75,8.76,8.76,8.76,8.76,8.76,1.00,1.00,1.00,1.00,1.00,1.00,1.00,1.00,1.00,1.00,1.00,1.00,1.00,1.00,1.00,1.00,1.00,1.00,1.00,1.00
"Equatorial Guinea, Rep. of","Exchange Rates, National Currency Per U.S. Dollar, Period Average, Rate",276.40,275.36,252.03,222.89,240.70,214.31,238.95,245.68,225.66,212.72,211.28,271.73,328.61,381.07,436.96,449.26,346.31,300.54,297.85,319.01,272.26,282.11,264.69,283.16,555.20,499.15,511.55,583.67,589.95,615.47,710.21,732.40,693.71,579.90,527.34,527.26,522.43,478.63,446.00,470.29,494.79,471.25,510.56,493.90,493.76,591.21,592.61,580.66,555.45,585.91,575.59
"Eritrea, The State of","Exchange Rates, National Currency Per U.S. Dollar, Period Average, Rate",2.50,2.50,2.30,2.10,2.07,2.07,2.07,2.07,2.07,2.07,2.07,2.07,2.07,2.07,2.07,2.07,2.07,2.07,2.07,2.07,2.07,2.07,2.80,5.00,5.47,6.16,6.36,6.76,7.36,8.15,9.63,11.31,13.96,13.88,13.79,15.37,15.38,15.38,15.38,15.38,15.38,15.38,15.38,15.38,15.38,15.38,15.35,15.08,15.08,15.08,15.08
"Estonia, Rep. of","Exchange Rates, National Currency Per U.S. Dollar, Period Average, Rate",,,,,,,,,,,,,,,,,,,,,,,,13.22,12.99,11.46,12.04,13.88,14.07,14.68,16.97,17.48,16.61,13.86,12.60,12.58,12.47,11.43,10.69,11.26,11.81,,,,,,,,,,
"Eswatini, Kingdom of","Exchange Rates, National Currency Per U.S. Dollar, Period Average, Rate",0.71,0.72,0.77,0.69,0.68,0.74,0.87,0.87,0.87,0.84,0.78,0.88,1.09,1.11,1.48,2.23,2.29,2.04,2.27,2.62,2.59,2.76,2.85,3.27,3.55,3.63,4.30,4.61,5.53,6.11,6.94,8.61,10.54,7.56,6.46,6.36,6.77,7.05,8.26,8.47,7.32,7.26,8.21,9.66,10.85,12.76,14.71,13.32,13.23,14.45,16.47
"Ethiopia, The Federal Dem. Rep. of","Exchange Rates, National Currency Per U.S. Dollar, Period Average, Rate",2.50,2.49,2.30,2.10,2.07,2.07,2.07,2.07,2.07,2.07,2.07,2.07,2.07,2.07,2.07,2.07,2.07,2.07,2.07,2.07,2.07,2.07,2.80,5.00,5.47,6.16,6.35,6.71,7.12,7.94,8.22,8.46,8.57,8.60,8.64,8.67,8.70,8.97,9.60,11.78,14.41,16.90,17.70,18.63,19.59,20.58,21.73,23.87,27.43,29.07,
Euro Area,"Exchange Rates, National Currency Per U.S. Dollar, Period Average, Rate",,,,,,,,,,,,,,,,,,,,,,,,,,,,,,0.94,1.08,1.12,1.06,0.88,0.80,0.80,0.80,0.73,0.68,0.72,0.75,0.72,0.78,0.75,0.75,0.90,0.90,0.89,0.85,0.89,0.88
Faroe Islands,"Exchange Rates, National Currency Per U.S. Dollar, Period Average, Rate",7.50,7.43,6.95,6.05,6.09,5.75,6.05,6.00,5.51,5.26,5.64,7.12,8.33,9.14,10.36,10.60,8.09,6.84,6.73,7.31,6.19,6.40,6.04,6.48,6.36,5.60,5.80,6.60,6.70,6.98,8.08,8.32,7.89,6.59,5.99,6.00,5.95,5.44,5.10,5.36,5.62,5.37,5.79,5.62,5.61,6.73,6.73,,,,
"Fiji, Rep. of","Exchange Rates, National Currency Per U.S. Dollar, Period Average, Rate",0.87,0.86,0.83,0.79,0.81,0.82,0.90,0.92,0.85,0.84,0.82,0.85,0.93,1.02,1.08,1.15,1.13,1.24,1.43,1.48,1.48,1.48,1.50,1.54,1.46,1.41,1.40,1.44,1.99,1.97,2.13,2.28,2.19,1.90,1.73,1.69,1.73,1.61,1.59,1.96,1.92,1.79,1.79,1.84,1.89,2.10,2.09,2.07,2.09,2.16,2.17
Finland,"Exchange Rates, National Currency Per U.S. Dollar, Period Average, Rate",4.20,4.18,4.15,3.82,3.77,3.68,3.86,4.03,4.12,3.90,3.73,4.32,4.82,5.57,6.01,6.20,5.07,4.40,4.18,4.29,3.82,4.04,4.48,5.71,5.22,4.37,4.59,5.19,5.34,,,,,,,,,,,,,,,,,,,,,,
France,"Exchange Rates, National Currency Per U.S. Dollar, Period Average, Rate",5.55,5.54,5.04,4.45,4.81,4.29,4.80,4.91,4.51,4.25,4.23,5.43,6.57,7.62,8.74,8.99,6.93,6.01,5.96,6.38,5.45,5.64,5.29,5.66,5.55,4.99,5.12,5.84,5.90,,,,,,,,,,,,,,,,,,,,,,
French Polynesia,"Exchange Rates, National Currency Per U.S. Dollar, Period Average, Rate",100.99,100.69,91.65,81.05,87.53,77.93,86.89,89.34,82.06,77.35,76.83,98.81,119.49,138.57,158.89,163.37,125.93,109.29,108.31,116.00,99.00,102.58,96.25,102.97,100.95,90.75,93.01,106.12,107.26,111.97,129.20,133.24,126.20,105.49,95.93,95.92,95.04,87.07,81.14,85.56,90.01,85.73,92.88,89.85,89.82,107.55,107.81,105.63,101.05,106.59,104.71
Gabon,"Exchange Rates, National Currency Per U.S. Dollar, Period Average, Rate",276.40,275.36,252.03,222.89,240.70,214.31,238.95,245.68,225.66,212.72,211.28,271.73,328.61,381.07,436.96,449.26,346.31,300.54,297.85,319.01,272.26,282.11,264.69,283.16,555.20,499.15,511.55,583.67,589.95,615.47,710.21,732.40,693.71,579.90,527.34,527.26,522.43,478.63,446.00,470.29,494.79,471.25,510.56,493.90,493.76,591.21,592.61,580.66,555.45,585.91,575.59
"Gambia, The","Exchange Rates, National Currency Per U.S. Dollar, Period Average, Rate",2.08,2.05,2.00,1.70,1.71,1.81,2.23,2.29,2.09,1.89,1.72,1.99,2.29,2.64,3.58,3.89,6.92,7.07,6.71,7.58,7.88,8.73,8.90,9.11,9.58,9.54,9.80,10.20,10.64,11.40,12.79,15.69,19.92,28.53,30.03,28.58,28.07,24.87,22.19,26.64,28.01,29.46,32.08,35.96,41.73,42.51,43.37,46.61,48.15,50.06,
Georgia,"Exchange Rates, National Currency Per U.S. Dollar, Period Average, Rate",,,,,,,,,,,,,,,,,,,,,,,,,,,1.26,1.30,1.39,2.02,1.98,2.07,2.20,2.15,1.92,1.81,1.78,1.67,1.49,1.67,1.78,1.69,1.65,1.66,1.77,2.27,2.37,2.51,2.53,2.82,3.11
Germany,"Exchange Rates, National Currency Per U.S. Dollar, Period Average, Rate",3.66,3.51,3.19,2.67,2.59,2.46,2.52,2.32,2.01,1.83,1.82,2.26,2.43,2.55,2.85,2.94,2.17,1.80,1.76,1.88,1.62,1.66,1.56,1.65,1.62,1.43,1.50,1.73,1.76,,,,,,,,,,,,,,,,,,,,,,
Ghana,"Exchange Rates, National Currency Per U.S. Dollar, Period Average, Rate",0.00,0.00,0.00,0.00,0.00,0.00,0.00,0.00,0.00,0.00,0.00,0.00,0.00,0.00,0.00,0.01,0.01,0.02,0.02,0.03,0.03,0.04,0.04,0.06,0.10,0.12,0.16,0.20,0.23,0.27,0.54,0.72,0.79,0.87,0.90,0.91,0.92,0.93,1.05,1.40,1.43,1.52,1.82,1.98,2.90,3.71,3.91,4.35,4.59,5.22,
Gibraltar,"Exchange Rates, National Currency Per U.S. Dollar, Period Average, Rate",0.42,0.41,0.40,0.41,0.43,0.45,0.56,0.57,0.52,0.47,0.43,0.50,0.57,0.66,0.75,0.78,0.68,0.61,0.56,0.61,0.56,0.57,0.57,0.67,0.65,0.63,0.64,0.61,0.60,0.62,0.66,0.69,0.67,0.61,0.55,0.55,0.54,0.50,0.54,0.64,0.65,0.62,0.63,0.64,0.61,0.65,0.74,0.78,0.75,0.78,0.78
Greece,"Exchange Rates, National Currency Per U.S. Dollar, Period Average, Rate",30.00,30.00,30.00,29.63,30.00,32.05,36.52,36.84,36.75,37.04,42.62,55.41,66.80,88.06,112.72,138.12,139.98,135.43,141.86,162.42,158.51,182.27,190.62,229.25,242.60,231.66,240.71,273.06,295.53,305.65,365.40,,,,,,,,,,,,,,,,,,,,
Greenland,"Exchange Rates, National Currency Per U.S. Dollar, Period Average, Rate",7.50,7.42,6.95,6.05,6.09,5.75,6.05,6.00,5.51,5.26,5.64,7.12,8.33,9.14,10.36,10.60,8.09,6.84,6.73,7.31,6.19,6.40,6.04,6.48,6.36,5.60,5.80,6.60,6.70,6.98,8.08,8.32,7.89,6.59,5.99,6.00,5.95,5.44,5.10,5.36,5.62,5.37,5.79,5.62,5.61,6.73,6.73,,,,
Grenada,"Exchange Rates, National Currency Per U.S. Dollar, Period Average, Rate",2.00,1.97,1.92,1.96,2.05,2.17,2.61,2.70,2.70,2.70,2.70,2.70,2.70,2.70,2.70,2.70,2.70,2.70,2.70,2.70,2.70,2.70,2.70,2.70,2.70,2.70,2.70,2.70,2.70,2.70,2.70,2.70,2.70,2.70,2.70,2.70,2.70,2.70,2.70,2.70,2.70,2.70,2.70,2.70,2.70,2.70,2.70,2.70,2.70,2.70,2.70
Guadeloupe,"Exchange Rates, National Currency Per U.S. Dollar, Period Average, Rate",5.55,5.54,5.05,4.46,4.81,4.29,4.78,4.91,4.51,4.25,4.23,5.43,6.57,7.62,8.74,8.99,6.93,6.01,5.96,6.38,5.45,5.64,5.29,5.66,5.55,4.99,5.12,5.84,5.90,,,,,,,,,,,,,,,,,,,,,,
Guatemala,"Exchange Rates, National Currency Per U.S. Dollar, Period Average, Rate",1.00,1.00,1.00,1.00,1.00,1.00,1.00,1.00,1.00,1.00,1.00,1.00,1.00,1.00,1.00,1.00,1.88,2.50,2.62,2.82,4.49,5.03,5.17,5.64,5.75,5.81,6.05,6.07,6.39,7.39,7.76,7.86,7.82,7.94,7.95,7.63,7.60,7.67,7.56,8.16,8.06,7.79,7.83,7.86,7.73,7.65,7.60,7.35,7.52,7.70,7.72
Guernsey,"Exchange Rates, National Currency Per U.S. Dollar, Period Average, Rate",0.42,0.41,0.40,0.41,0.43,0.45,0.56,0.57,0.52,0.47,0.43,0.50,0.57,0.66,0.75,0.78,0.68,0.61,0.56,0.61,0.56,0.57,0.57,0.67,0.65,0.63,0.64,0.61,0.60,0.62,0.66,0.69,0.67,0.61,0.55,0.55,0.54,0.50,0.54,0.64,0.65,0.62,0.63,0.64,0.61,0.65,0.74,0.78,0.75,0.78,0.78
"Guiana, French","Exchange Rates, National Currency Per U.S. Dollar, Period Average, Rate",5.55,5.54,5.05,4.46,4.81,4.29,4.78,4.91,4.51,4.25,4.23,5.43,6.57,7.62,8.74,8.99,6.93,6.01,5.96,6.38,5.45,5.64,5.29,5.66,5.55,4.99,5.12,5.84,5.90,,,,,,,,,,,,,,,,,,,,,,
Guinea,"Exchange Rates, National Currency Per U.S. Dollar, Period Average, Rate",24.69,24.61,22.74,20.72,20.56,20.67,21.38,21.14,19.72,19.11,18.97,20.95,22.37,23.10,24.09,24.33,333.45,428.40,474.40,591.65,660.17,753.86,902.00,955.49,976.64,991.41,"1,004.02","1,095.33","1,236.83","1,387.40","1,746.87","1,950.56","1,975.84","1,984.93","2,243.93","3,644.33","5,148.75","4,197.75","4,601.69","4,801.08","5,726.07","6,658.03","6,985.83","6,907.88","7,014.12","7,485.52","8,967.93","9,088.32","9,011.13","9,183.88",
Guinea-Bissau,"Exchange Rates, National Currency Per U.S. Dollar, Period Average, Rate",276.40,275.36,252.03,222.89,240.70,214.31,238.95,245.68,225.66,212.72,211.28,271.73,328.61,381.07,436.96,449.26,346.31,300.54,297.85,319.01,272.26,282.11,264.69,283.16,555.20,499.15,511.55,583.67,589.95,615.47,710.21,732.40,693.71,579.90,527.34,527.26,522.43,478.63,446.00,470.29,494.79,471.25,510.56,493.90,493.76,591.21,592.61,580.66,555.45,585.91,575.59
Guyana,"Exchange Rates, National Currency Per U.S. Dollar, Period Average, Rate",2.00,1.99,2.09,2.11,2.23,2.36,2.55,2.55,2.55,2.55,2.55,2.81,3.00,3.00,3.83,4.25,4.27,9.76,10.00,27.16,39.53,111.81,125.00,126.73,138.29,141.99,140.38,142.40,150.52,178.00,182.43,187.32,190.67,193.88,198.31,199.88,200.19,202.35,203.63,203.95,203.64,204.02,204.36,205.39,206.45,206.50,206.50,206.50,207.72,208.50,
Haiti,"Exchange Rates, National Currency Per U.S. Dollar, Period Average, Rate",5.00,5.00,5.00,5.00,5.00,5.00,5.00,5.00,5.00,5.00,5.00,5.00,5.00,5.00,5.00,5.00,5.00,5.00,5.00,5.00,5.00,6.03,9.80,12.82,15.04,15.11,15.70,16.65,16.77,16.94,21.17,24.43,29.25,42.37,38.35,40.45,40.41,36.86,39.11,41.20,39.80,40.52,41.95,43.46,45.22,50.71,63.34,64.77,68.03,88.81,
Honduras,"Exchange Rates, National Currency Per U.S. Dollar, Period Average, Rate",2.00,2.00,2.00,2.00,2.00,2.00,2.00,2.00,2.00,2.00,2.00,2.00,2.00,2.00,2.00,2.00,2.00,2.00,2.00,2.00,,,,,,,,,,,14.84,15.48,16.44,17.35,18.21,18.83,18.90,18.90,18.90,18.90,18.90,18.92,19.50,20.35,20.99,21.95,22.84,23.49,23.90,24.51,24.58
Hungary,"Exchange Rates, National Currency Per U.S. Dollar, Period Average, Rate",60.00,59.82,55.26,48.97,46.75,43.97,41.58,40.96,37.91,35.58,32.53,34.31,36.63,42.67,48.04,50.12,45.83,46.97,50.41,59.07,63.21,74.74,78.99,91.93,105.16,125.68,152.65,186.79,214.40,237.15,282.18,286.49,257.89,224.31,202.75,199.58,210.39,183.63,172.11,202.34,207.94,201.06,225.10,223.70,232.60,279.33,281.52,274.43,270.21,290.66,308.00
Iceland,"Exchange Rates, National Currency Per U.S. Dollar, Period Average, Rate",0.88,0.88,0.88,0.90,1.00,1.54,1.82,1.99,2.71,3.53,4.80,7.22,12.35,24.84,31.69,41.51,41.10,38.68,43.01,57.04,58.28,59.00,57.55,67.60,69.94,64.69,66.50,70.90,70.96,72.34,78.62,97.42,91.66,76.71,70.19,62.98,70.18,64.06,87.95,123.64,122.24,115.95,125.08,122.18,116.77,131.92,120.81,106.84,108.30,122.61,135.42
India,"Exchange Rates, National Currency Per U.S. Dollar, Period Average, Rate",7.50,7.49,7.59,7.74,8.10,8.38,8.96,8.74,8.19,8.13,7.86,8.66,9.46,10.10,11.36,12.37,12.61,12.96,13.92,16.23,17.50,22.74,25.92,30.49,31.37,32.43,35.43,36.31,41.26,43.06,44.94,47.19,48.61,46.58,45.32,44.10,45.31,41.35,43.51,48.41,45.73,46.67,53.44,58.60,61.03,64.15,67.20,65.12,68.39,70.42,74.10
Indonesia,"Exchange Rates, National Currency Per U.S. Dollar, Period Average, Rate",362.83,391.88,415.00,415.00,415.00,415.00,415.00,415.00,442.05,623.06,626.99,631.76,661.42,909.26,"1,025.94","1,110.58","1,282.56","1,643.85","1,685.70","1,770.06","1,842.81","1,950.32","2,029.92","2,087.10","2,160.75","2,248.61","2,342.30","2,909.38","10,013.62","7,855.15","8,421.78","10,260.85","9,311.19","8,577.13","8,938.85","9,704.74","9,159.32","9,141.00","9,698.96","10,389.94","9,090.43","8,770.43","9,386.63","10,461.24","11,865.21","13,389.41","13,308.33","13,380.83","14,236.94","14,147.67","14,582.20"
"Iran, Islamic Rep. of","Exchange Rates, National Currency Per U.S. Dollar, Period Average, Rate",75.75,75.75,75.75,68.89,67.64,67.65,70.24,70.63,70.49,70.49,70.63,78.35,83.62,86.38,90.05,91.07,78.78,71.48,68.70,72.03,68.11,67.52,65.57,"1,268.08","1,749.17","1,748.35","1,751.19","1,753.35","1,752.29","1,753.35","1,764.86","1,753.99","6,907.03","8,193.89","8,613.99","8,963.96","9,170.94","9,281.15","9,428.53","9,864.30","10,254.18","10,616.31","12,175.55","18,414.45","25,941.66","29,011.49","30,914.85","33,226.30","40,864.33","42,000.00","42,000.00"
Iraq,"Exchange Rates, National Currency Per U.S. Dollar, Period Average, Rate",0.36,935.62,"2,144.57","1,950.84","1,902.27","1,902.27","1,902.27","1,902.27","1,902.27","1,902.27","1,902.27","1,902.27","1,922.93","2,002.39","2,002.39","2,002.39","2,002.39","2,002.39","2,002.39","2,002.39","2,002.39","2,002.39","2,002.39","2,002.39","2,002.39","2,002.39","2,002.39","2,002.39","2,002.39","2,002.39","2,002.40","2,002.40","2,002.37",,"1,453.42","1,472.00","1,467.42","1,254.57","1,193.08","1,170.00","1,170.00","1,170.00","1,166.17","1,166.00","1,166.00","1,167.33","1,182.00","1,184.00","1,182.75","1,182.00",
Ireland,"Exchange Rates, National Currency Per U.S. Dollar, Period Average, Rate",0.42,0.41,0.40,0.41,0.43,0.45,0.56,0.57,0.52,0.49,0.49,0.62,0.70,0.80,0.92,0.95,0.74,0.67,0.66,0.71,0.60,0.62,0.59,0.68,0.67,0.62,0.63,0.66,0.70,,,,,,,,,,,,,,,,,,,,,,
Isle of Man,"Exchange Rates, National Currency Per U.S. Dollar, Period Average, Rate",0.42,0.41,0.40,0.41,0.43,0.45,0.56,0.57,0.52,0.47,0.43,0.50,0.57,0.66,0.75,0.78,0.68,0.61,0.56,0.61,0.56,0.57,0.57,0.67,0.65,0.63,0.64,0.61,0.60,0.62,0.66,0.69,0.67,0.61,0.55,0.55,0.54,0.50,0.54,0.64,0.65,0.62,0.63,0.64,0.61,0.65,0.74,0.78,0.75,0.78,0.78
Israel,"Exchange Rates, National Currency Per U.S. Dollar, Period Average, Rate",0.00,0.00,0.00,0.00,0.00,0.00,0.00,0.00,0.00,0.00,0.01,0.01,0.02,0.06,0.29,1.18,1.49,1.59,1.60,1.92,2.02,2.28,2.46,2.83,3.01,3.01,3.19,3.45,3.80,4.14,4.08,4.21,4.74,4.55,4.48,4.49,4.46,4.11,3.59,3.93,3.74,3.58,3.86,3.61,3.58,3.89,3.84,3.60,3.59,3.56,3.44
Italy,"Exchange Rates, National Currency Per U.S. Dollar, Period Average, Rate",625.00,620.36,583.22,583.00,650.34,652.85,832.33,882.39,848.66,830.86,856.45,"1,136.76","1,352.51","1,518.85","1,756.96","1,909.44","1,490.81","1,296.07","1,301.63","1,372.09","1,198.10","1,240.61","1,232.41","1,573.67","1,612.44","1,628.93","1,542.95","1,703.10","1,736.21",,,,,,,,,,,,,,,,,,,,,,
Jamaica,"Exchange Rates, National Currency Per U.S. Dollar, Period Average, Rate",0.83,0.83,0.77,0.91,0.91,0.91,0.91,0.91,1.41,1.76,1.78,1.78,1.78,1.93,3.94,5.56,5.48,5.49,5.49,5.74,7.18,12.12,22.96,24.95,33.09,35.14,37.12,35.40,36.55,39.04,42.99,46.00,48.42,57.74,61.20,62.28,65.74,69.19,72.76,87.89,87.20,85.89,88.75,100.40,110.93,116.97,125.10,127.96,128.87,133.31,142.40
Japan,"Exchange Rates, National Currency Per U.S. Dollar, Period Average, Rate",360.00,350.68,303.17,271.70,292.08,296.79,296.55,268.51,210.44,219.14,226.74,220.54,249.08,237.51,237.52,238.54,168.52,144.64,128.15,137.96,144.79,134.71,126.65,111.20,102.21,94.06,108.78,120.99,130.91,113.91,107.77,121.53,125.39,115.93,108.19,110.22,116.30,117.75,103.36,93.57,87.78,79.81,79.79,97.60,105.94,121.04,108.79,112.17,110.42,109.01,106.77
Jersey,"Exchange Rates, National Currency Per U.S. Dollar, Period Average, Rate",0.42,0.41,0.40,0.41,0.43,0.45,0.56,0.57,0.52,0.47,0.43,0.50,0.57,0.66,0.75,0.78,0.68,0.61,0.56,0.61,0.56,0.57,0.57,0.67,0.65,0.63,0.64,0.61,0.60,0.62,0.66,0.69,0.67,0.61,0.55,0.55,0.54,0.50,0.54,0.64,0.65,0.62,0.63,0.64,0.61,0.65,0.74,0.78,0.75,0.78,0.78
Jordan,"Exchange Rates, National Currency Per U.S. Dollar, Period Average, Rate",0.36,0.36,0.36,0.33,0.32,0.32,0.33,0.33,0.31,0.30,0.30,0.33,0.35,0.36,0.38,0.39,0.35,0.34,0.37,0.57,0.66,0.68,0.68,0.69,0.70,0.70,0.71,0.71,0.71,0.71,0.71,0.71,0.71,0.71,0.71,0.71,0.71,0.71,0.71,0.71,0.71,0.71,0.71,0.71,0.71,0.71,0.71,0.71,0.71,0.71,0.71
"Kazakhstan, Rep. of","Exchange Rates, National Currency Per U.S. Dollar, Period Average, Rate",,,,,,,,,,,,,,,,,,,,,,,,,35.54,60.95,67.30,75.44,78.30,119.52,142.13,146.74,153.28,149.58,136.04,132.88,126.09,122.55,120.30,147.50,147.36,146.62,149.11,152.13,179.19,221.73,342.16,326.00,344.71,382.75,412.95
Kenya,"Exchange Rates, National Currency Per U.S. Dollar, Period Average, Rate",7.14,7.14,7.14,7.00,7.14,7.34,8.37,8.28,7.73,7.48,7.42,9.05,10.92,13.31,14.41,16.43,16.23,16.45,17.75,20.57,22.91,27.51,32.22,58.00,56.05,51.43,57.11,58.73,60.37,70.33,76.18,78.56,78.75,75.94,79.17,75.55,72.10,67.32,69.18,77.35,79.23,88.81,84.53,86.12,87.92,98.18,101.50,103.41,101.30,101.99,106.45
Kiribati,"Exchange Rates, National Currency Per U.S. Dollar, Period Average, Rate",0.89,0.88,0.84,0.70,0.70,0.76,0.82,0.90,0.87,0.89,0.88,0.87,0.99,1.11,1.14,1.43,1.50,1.43,1.28,1.26,1.28,1.28,1.36,1.47,1.37,1.35,1.28,1.35,1.59,1.55,1.72,1.93,1.84,1.54,1.36,1.31,1.33,1.20,1.19,1.28,1.09,0.97,0.97,1.04,1.11,1.33,1.35,1.30,1.34,1.44,1.45
"Korea, Rep. of","Exchange Rates, National Currency Per U.S. Dollar, Period Average, Rate",310.56,347.15,392.89,398.32,404.47,484.00,484.00,484.00,484.00,484.00,607.72,681.03,731.17,775.75,805.97,870.02,881.46,822.56,731.46,671.46,707.77,733.33,780.67,802.54,803.77,771.25,804.46,949.89,"1,403.18","1,189.44","1,130.36","1,290.79","1,251.60","1,191.65","1,146.25","1,024.33",955.34,929.38,"1,100.13","1,277.25","1,156.46","1,108.23","1,126.81","1,094.98","1,052.84","1,130.95","1,160.77","1,131.00","1,100.16","1,165.36","1,180.28"
"Kosovo, Rep. of","Exchange Rates, National Currency Per U.S. Dollar, Period Average, Rate",,,,,,,,,,,,,,,,,,,,,,,,,,,,,,,,,1.06,0.88,0.80,0.80,0.80,0.73,0.68,0.72,0.75,0.72,0.78,0.75,0.75,0.90,0.90,0.89,0.85,0.89,0.88
Kuwait,"Exchange Rates, National Currency Per U.S. Dollar, Period Average, Rate",0.36,0.36,0.33,0.30,0.29,0.29,0.29,0.29,0.28,0.28,0.27,0.28,0.29,0.29,0.30,0.30,0.29,0.28,0.28,0.29,0.29,0.28,0.29,0.30,0.30,0.30,0.30,0.30,0.30,0.30,0.31,0.31,0.30,0.30,0.29,0.29,0.29,0.28,0.27,0.29,0.29,0.28,0.28,0.28,0.28,0.30,0.30,0.30,0.30,0.30,0.31
Kyrgyz Rep.,"Exchange Rates, National Currency Per U.S. Dollar, Period Average, Rate",,,,,,,,,,,,,,,,,,,,,,,,,10.84,10.82,12.81,17.36,20.84,39.01,47.70,48.38,46.94,43.65,42.65,41.01,40.15,37.32,36.57,42.90,45.96,46.14,47.00,48.44,53.65,64.46,69.91,68.87,68.84,69.79,77.35
Lao People's Dem. Rep.,"Exchange Rates, National Currency Per U.S. Dollar, Period Average, Rate",240.00,240.00,510.00,600.00,600.00,725.00,429.17,200.00,333.33,367.50,10.00,21.67,35.00,35.00,35.00,55.00,95.00,187.50,400.37,591.50,707.75,702.08,716.08,716.25,717.67,804.69,921.02,"1,259.98","3,298.33","7,102.03","7,887.64","8,954.58","10,056.33","10,569.04","10,585.38","10,655.17","10,153.62","9,602.73","8,740.18","8,511.35","8,254.16","8,029.26","8,006.58","7,833.23","8,042.42","8,127.61","8,124.37","8,244.84","8,401.33","8,679.41",
Latvia,"Exchange Rates, National Currency Per U.S. Dollar, Period Average, Rate",,,,,,,,,,,,,,,,,,,,,,,0.74,0.68,0.56,0.53,0.55,0.58,0.59,0.59,0.61,0.63,0.62,0.57,0.54,0.56,0.56,0.51,0.48,0.51,0.53,0.50,0.55,0.53,,,,,,,
Lebanon,"Exchange Rates, National Currency Per U.S. Dollar, Period Average, Rate",3.27,3.23,3.05,2.61,2.33,2.30,2.87,3.07,2.96,3.24,3.44,4.31,4.74,4.53,6.51,16.42,38.37,224.60,409.23,496.69,695.09,928.23,"1,712.79","1,741.36","1,680.07","1,621.41","1,571.44","1,539.45","1,516.13","1,507.50","1,507.50","1,507.50","1,507.50","1,507.50","1,507.50","1,507.50","1,507.50","1,507.50","1,507.50","1,507.50","1,507.50","1,507.50","1,507.50","1,507.50","1,507.50","1,507.50","1,507.50","1,507.50","1,507.50","1,507.50","1,507.50"
"Lesotho, Kingdom of","Exchange Rates, National Currency Per U.S. Dollar, Period Average, Rate",0.71,0.72,0.77,0.69,0.68,0.74,0.87,0.87,0.87,0.84,0.78,0.88,1.09,1.11,1.48,2.23,2.29,2.04,2.27,2.62,2.59,2.76,2.85,3.27,3.55,3.63,4.30,4.61,5.53,6.11,6.94,8.61,10.54,7.56,6.46,6.36,6.77,7.05,8.26,8.47,7.32,7.26,8.21,9.66,10.85,12.76,14.71,13.32,13.23,14.45,16.47
Liberia,"Exchange Rates, National Currency Per U.S. Dollar, Period Average, Rate",1.00,1.00,1.00,1.00,23.72,46.44,46.44,46.44,46.44,46.44,46.44,46.44,46.44,46.44,46.44,46.44,46.44,46.44,46.44,46.44,46.44,46.44,46.44,46.44,46.44,49.84,46.84,50.57,41.51,41.90,40.90,48.59,61.75,59.38,54.91,57.10,58.01,61.27,63.21,68.29,71.40,72.23,73.51,77.52,83.89,86.19,94.43,112.71,144.06,186.43,
Libya,"Exchange Rates, National Currency Per U.S. Dollar, Period Average, Rate",0.36,0.36,0.33,0.30,0.30,0.30,0.30,0.30,0.30,0.30,0.30,0.30,0.30,0.30,0.30,0.30,0.32,0.30,0.29,0.30,0.28,0.28,0.28,0.30,0.35,0.42,0.44,0.46,0.47,0.46,0.51,0.61,1.27,1.29,1.30,1.31,1.31,1.26,1.22,1.25,1.27,1.22,1.26,1.27,1.27,1.38,1.39,1.39,1.36,1.40,
Lithuania,"Exchange Rates, National Currency Per U.S. Dollar, Period Average, Rate",,,,,,,,,,,,,,,,,,,,,,,1.77,4.34,3.98,4.00,4.00,4.00,4.00,4.00,4.00,4.00,3.68,3.06,2.78,2.77,2.75,2.52,2.36,2.48,2.61,2.48,2.69,2.60,2.60,,,,,,
Luxembourg,"Exchange Rates, National Currency Per U.S. Dollar, Period Average, Rate",50.00,49.06,44.01,38.98,38.95,36.78,38.61,35.84,31.49,29.32,29.24,37.13,45.69,51.13,57.78,59.38,44.67,37.33,36.77,39.40,33.42,34.15,32.15,34.60,33.46,29.48,30.96,35.77,36.30,,,,,,,,,,,,,,,,,,,,,,
"Madagascar, Rep. of","Exchange Rates, National Currency Per U.S. Dollar, Period Average, Rate",55.54,55.43,50.41,44.58,48.14,42.86,47.79,49.14,45.13,42.54,42.26,54.35,69.95,86.09,115.33,132.50,135.27,213.84,281.42,320.69,298.83,367.07,372.79,382.76,613.47,853.13,812.25,"1,018.18","1,088.28","1,256.76","1,353.50","1,317.70","1,366.39","1,238.33","1,868.86","2,003.03","2,142.30","1,873.88","1,708.37","1,956.21","2,089.95","2,025.12","2,194.97","2,206.91","2,414.81","2,933.51","3,176.54","3,116.11","3,334.75","3,618.32",
Malawi,"Exchange Rates, National Currency Per U.S. Dollar, Period Average, Rate",0.83,0.83,0.80,0.82,0.84,0.86,0.91,0.90,0.84,0.82,0.81,0.90,1.06,1.17,1.41,1.72,1.86,2.21,2.56,2.76,2.73,2.80,3.60,4.40,8.74,15.28,15.31,16.44,31.07,44.09,59.54,72.20,76.69,97.43,108.90,118.42,136.01,139.96,140.52,141.17,150.49,156.52,249.11,364.41,424.90,499.61,718.01,730.27,732.33,745.54,
Malaysia,"Exchange Rates, National Currency Per U.S. Dollar, Period Average, Rate",3.06,3.05,2.82,2.44,2.41,2.39,2.54,2.46,2.32,2.19,2.18,2.30,2.34,2.32,2.34,2.48,2.58,2.52,2.62,2.71,2.70,2.75,2.55,2.57,2.62,2.50,2.52,2.81,3.92,3.80,3.80,3.80,3.80,3.80,3.80,3.79,3.67,3.44,3.34,3.52,3.22,3.06,3.09,3.15,3.27,3.91,4.15,4.30,4.04,4.14,4.20
Maldives,"Exchange Rates, National Currency Per U.S. Dollar, Period Average, Rate",4.75,4.73,4.37,3.99,3.93,5.76,8.36,8.77,8.97,7.49,7.55,7.55,7.17,7.05,7.05,7.10,7.15,9.22,8.78,9.04,9.55,10.25,10.57,10.96,11.59,11.77,11.77,11.77,11.77,11.77,11.77,12.24,12.80,12.80,12.80,12.80,12.80,12.80,12.80,12.80,12.80,14.60,15.36,15.37,15.38,15.37,15.37,15.39,15.39,15.38,15.38
Mali,"Exchange Rates, National Currency Per U.S. Dollar, Period Average, Rate",276.40,275.36,252.03,222.89,240.70,214.31,238.95,245.68,225.66,212.72,211.28,271.73,328.61,381.07,436.96,449.26,346.31,300.54,297.85,319.01,272.26,282.11,264.69,283.16,555.20,499.15,511.55,583.67,589.95,615.47,710.21,732.40,693.71,579.90,527.34,527.26,522.43,478.63,446.00,470.29,494.79,471.25,510.56,493.90,493.76,591.21,592.61,580.66,555.45,585.91,575.59
Malta,"Exchange Rates, National Currency Per U.S. Dollar, Period Average, Rate",0.42,0.41,0.38,0.37,0.39,0.38,0.43,0.42,0.39,0.36,0.35,0.39,0.41,0.43,0.46,0.47,0.39,0.35,0.33,0.35,0.32,0.32,0.32,0.38,0.38,0.35,0.36,0.39,0.39,0.40,0.44,0.45,0.43,0.38,0.34,0.35,0.34,0.31,,,,,,,,,,,,,
Martinique,"Exchange Rates, National Currency Per U.S. Dollar, Period Average, Rate",5.55,5.54,5.05,4.46,4.81,4.29,4.78,4.91,4.51,4.25,4.23,5.43,6.57,7.62,8.74,8.99,6.93,6.01,5.96,6.38,5.45,5.64,5.29,5.66,5.55,4.99,5.12,5.84,5.90,,,,,,,,,,,,,,,,,,,,,,
"Mauritania, Islamic Rep. of","Exchange Rates, National Currency Per U.S. Dollar, Period Average, Rate",5.55,5.54,5.04,4.46,4.53,4.31,4.50,4.56,4.62,4.59,4.59,4.83,5.18,5.48,6.38,7.71,7.44,7.39,7.53,8.31,8.06,8.19,8.70,12.08,12.36,12.98,13.72,15.19,18.85,20.95,23.89,25.56,27.17,26.30,,26.55,26.86,25.86,23.82,26.24,27.59,28.11,29.66,30.07,30.27,32.47,35.24,35.79,35.68,36.69,
Mauritius,"Exchange Rates, National Currency Per U.S. Dollar, Period Average, Rate",5.56,5.49,5.34,5.44,5.70,6.03,6.68,6.61,6.16,6.31,7.68,8.94,10.87,11.71,13.80,15.44,13.47,12.88,13.44,15.25,14.86,15.65,15.56,17.65,17.96,17.39,17.95,21.06,23.99,25.19,26.25,29.13,29.96,27.90,27.50,29.50,31.71,31.31,28.45,31.96,30.78,28.71,30.05,30.70,30.62,35.06,35.54,34.48,33.93,35.47,39.35
Mexico,"Exchange Rates, National Currency Per U.S. Dollar, Period Average, Rate",0.01,0.01,0.01,0.01,0.01,0.01,0.02,0.02,0.02,0.02,0.02,0.02,0.06,0.12,0.17,0.26,0.61,1.38,2.27,2.46,2.81,3.02,3.09,3.12,3.38,6.42,7.60,7.92,9.14,9.56,9.46,9.34,9.66,10.79,11.29,10.90,10.90,10.93,11.13,13.51,12.64,12.42,13.17,12.77,13.29,15.85,18.66,18.93,19.24,19.26,21.49
"Micronesia, Federated States of","Exchange Rates, National Currency Per U.S. Dollar, Period Average, Rate",1.00,1.00,1.00,1.00,1.00,1.00,1.00,1.00,1.00,1.00,1.00,1.00,1.00,1.00,1.00,1.00,1.00,1.00,1.00,1.00,1.00,1.00,1.00,1.00,1.00,1.00,1.00,1.00,1.00,1.00,1.00,1.00,1.00,1.00,1.00,1.00,1.00,1.00,1.00,1.00,1.00,1.00,1.00,1.00,1.00,1.00,1.00,1.00,1.00,1.00,1.00
"Moldova, Rep. of","Exchange Rates, National Currency Per U.S. Dollar, Period Average, Rate",,,,,,,,,,,,,,,,,,,,,,,,,,4.50,4.60,4.62,5.37,10.52,12.43,12.87,13.57,13.94,12.33,12.60,13.13,12.14,10.39,11.11,12.37,11.74,12.11,12.59,14.04,18.82,19.92,18.50,16.80,17.57,17.32
Mongolia,"Exchange Rates, National Currency Per U.S. Dollar, Period Average, Rate",,,,,,,,,,,,,,,,,,,,,,8.01,35.83,295.01,412.72,448.61,548.40,789.99,840.83,"1,021.87","1,076.67","1,097.70","1,110.31","1,146.54","1,185.30","1,205.25","1,179.70","1,170.40","1,165.80","1,437.80","1,357.06","1,265.52","1,357.58","1,523.93","1,817.94","1,970.31","2,140.29","2,439.78","2,472.48","2,663.54","2,813.29"
Montenegro,"Exchange Rates, National Currency Per U.S. Dollar, Period Average, Rate",,,,,,,,,,,,,,,,,,,,,,,,,,,,,,0.94,1.08,1.12,1.06,0.88,0.80,0.80,0.80,0.73,0.68,0.72,0.75,0.72,0.78,0.75,0.75,0.90,0.90,0.89,0.85,0.89,0.88
Montserrat,"Exchange Rates, National Currency Per U.S. Dollar, Period Average, Rate",2.00,1.96,1.92,1.96,2.05,2.17,2.61,2.70,2.70,2.70,2.70,2.70,2.70,2.70,2.70,2.70,2.70,2.70,2.70,2.70,2.70,2.70,2.70,2.70,2.70,2.70,2.70,2.70,2.70,2.70,2.70,2.70,2.70,2.70,2.70,2.70,2.70,2.70,2.70,2.70,2.70,2.70,2.70,2.70,2.70,2.70,2.70,2.70,2.70,2.70,2.70
Morocco,"Exchange Rates, National Currency Per U.S. Dollar, Period Average, Rate",5.06,5.05,4.59,4.11,4.37,4.05,4.42,4.50,4.17,3.90,3.94,5.17,6.02,7.11,8.81,10.06,9.10,8.36,8.21,8.49,8.24,8.71,8.54,9.30,9.20,8.54,8.72,9.53,9.60,9.80,10.63,11.30,11.02,9.57,8.87,8.87,8.80,8.19,7.75,8.06,8.42,8.09,8.63,8.41,8.41,9.76,9.81,9.69,9.39,9.62,
"Mozambique, Rep. of","Exchange Rates, National Currency Per U.S. Dollar, Period Average, Rate",0.03,0.03,0.03,0.02,0.03,0.03,0.03,0.03,0.03,0.03,0.03,0.04,0.04,0.04,0.04,0.04,0.04,0.29,0.52,0.74,0.93,1.43,2.52,3.87,6.04,9.02,11.29,11.54,11.87,12.78,15.23,20.70,23.68,23.78,22.58,23.06,25.40,25.84,24.30,27.52,33.96,29.07,28.37,30.10,31.35,39.98,63.06,63.58,60.33,62.55,
Myanmar,"Exchange Rates, National Currency Per U.S. Dollar, Period Average, Rate",4.76,4.76,5.46,4.93,4.86,6.38,6.71,7.07,6.80,6.59,6.54,7.22,7.71,7.96,8.30,8.47,7.33,6.65,6.39,6.70,6.34,6.28,6.10,6.16,5.97,5.67,5.92,6.24,6.34,6.29,6.52,6.75,6.64,6.14,5.81,5.82,5.84,5.62,5.44,5.58,5.63,5.44,640.65,933.57,984.35,"1,162.62","1,234.87","1,360.36","1,429.81","1,518.26","1,381.62"
Namibia,"Exchange Rates, National Currency Per U.S. Dollar, Period Average, Rate",0.72,0.71,0.77,0.69,0.68,0.74,0.87,0.87,0.87,0.84,0.78,0.88,1.09,1.11,1.48,2.23,2.29,2.04,2.27,2.62,2.59,2.76,2.85,3.27,3.55,3.63,4.30,4.61,5.53,6.11,6.94,8.61,10.54,7.56,6.46,6.38,6.77,7.05,8.25,8.52,7.33,7.30,8.19,9.75,10.84,12.88,14.71,13.31,13.23,14.45,
"Nauru, Rep. of","Exchange Rates, National Currency Per U.S. Dollar, Period Average, Rate",0.89,0.88,0.84,0.70,0.70,0.76,0.82,0.90,0.87,0.89,0.88,0.87,0.99,1.11,1.14,1.43,1.50,1.43,1.28,1.26,1.28,1.28,1.36,1.47,1.37,1.35,1.28,1.35,1.59,1.55,1.72,1.93,1.84,1.54,1.36,1.31,1.33,1.20,1.19,1.28,1.09,0.97,0.97,1.04,1.11,1.33,1.35,1.30,1.34,1.44,1.45
Nepal,"Exchange Rates, National Currency Per U.S. Dollar, Period Average, Rate",10.13,10.13,10.13,10.50,10.56,11.00,12.50,12.50,12.11,12.00,12.00,12.34,13.24,14.55,16.46,18.25,21.23,21.82,23.29,27.19,29.37,37.26,42.72,48.61,49.40,51.89,56.69,58.01,65.98,68.24,71.09,74.95,77.88,76.14,73.67,71.37,72.76,66.42,69.76,77.57,73.26,74.02,85.23,93.08,97.55,102.41,107.38,104.51,108.93,112.61,
Netherlands Antilles,"Exchange Rates, National Currency Per U.S. Dollar, Period Average, Rate",1.89,1.88,1.80,1.80,1.80,1.80,1.80,1.80,1.80,1.80,1.80,1.80,1.80,1.80,1.80,1.80,1.80,1.80,1.80,1.79,1.79,1.79,1.79,1.79,1.79,1.79,1.79,1.79,1.79,1.79,1.79,1.79,1.79,1.79,1.79,1.79,1.79,1.79,1.79,1.79,,,,,,,,,,,
"Netherlands, The","Exchange Rates, National Currency Per U.S. Dollar, Period Average, Rate",3.62,3.52,3.21,2.80,2.69,2.53,2.64,2.45,2.16,2.01,1.99,2.50,2.67,2.85,3.21,3.32,2.45,2.03,1.98,2.12,1.82,1.87,1.76,1.86,1.82,1.61,1.69,1.95,1.98,,,,,,,,,,,,,,,,,,,,,,
New Caledonia,"Exchange Rates, National Currency Per U.S. Dollar, Period Average, Rate",100.99,100.69,91.65,81.05,87.53,77.93,86.89,89.34,82.06,77.35,76.83,98.81,119.49,138.57,158.89,163.37,125.93,109.29,108.31,116.00,99.00,102.58,96.25,102.97,100.95,90.75,93.01,106.12,107.26,111.97,129.20,133.24,126.20,105.49,95.93,95.92,95.04,87.07,81.14,85.56,90.01,85.73,92.88,89.85,89.82,107.55,107.81,105.63,101.05,106.59,104.71
New Zealand,"Exchange Rates, National Currency Per U.S. Dollar, Period Average, Rate",0.89,0.88,0.84,0.74,0.72,0.83,1.00,1.03,0.96,0.98,1.03,1.15,1.33,1.50,1.76,2.02,1.91,1.69,1.53,1.67,1.68,1.73,1.86,1.85,1.69,1.52,1.45,1.51,1.87,1.89,2.20,2.38,2.16,1.72,1.51,1.42,1.54,1.36,1.42,1.60,1.39,1.27,1.23,1.22,1.21,1.43,1.44,1.41,1.45,1.52,1.54
Nicaragua,"Exchange Rates, National Currency Per U.S. Dollar, Period Average, Rate",0.00,0.00,0.00,0.00,0.00,0.00,0.00,0.00,0.00,0.00,0.00,0.00,0.00,0.00,0.00,0.00,0.00,0.00,0.00,0.00,0.14,4.27,5.00,5.62,6.72,7.55,8.44,9.45,10.58,11.81,12.68,13.37,14.25,15.10,15.94,16.73,17.57,18.45,19.37,20.34,21.36,22.42,23.55,24.72,25.96,27.26,28.62,30.05,31.55,33.12,
Niger,"Exchange Rates, National Currency Per U.S. Dollar, Period Average, Rate",276.40,275.36,252.03,222.89,240.70,214.31,238.95,245.68,225.66,212.72,211.28,271.73,328.61,381.07,436.96,449.26,346.31,300.54,297.85,319.01,272.26,282.11,264.69,283.16,555.20,499.15,511.55,583.67,589.95,615.47,710.21,732.40,693.71,579.90,527.34,527.26,522.43,478.63,446.00,470.29,494.79,471.25,510.56,493.90,493.76,591.21,592.61,580.66,555.45,585.91,575.59
Nigeria,"Exchange Rates, National Currency Per U.S. Dollar, Period Average, Rate",0.71,0.71,0.66,0.66,0.63,0.62,0.63,0.64,0.64,0.60,0.55,0.62,0.67,0.72,0.77,0.89,1.75,4.02,4.54,7.36,8.04,9.91,17.30,22.07,22.00,21.90,21.88,21.89,21.89,92.34,101.70,111.23,120.58,129.22,132.89,131.27,128.65,125.81,118.57,148.88,150.30,153.86,157.50,157.31,158.55,192.44,253.49,305.79,306.08,306.92,
"North Macedonia, Republic of","Exchange Rates, National Currency Per U.S. Dollar, Period Average, Rate",,,,,,,,,,,,,,,,,,,,,,,,,43.26,37.88,39.98,50.00,54.46,56.90,65.90,68.04,64.35,54.32,49.41,49.28,48.80,44.73,41.87,44.10,46.49,44.23,47.89,46.40,46.44,55.54,55.73,54.67,52.11,54.95,54.14
Norway,"Exchange Rates, National Currency Per U.S. Dollar, Period Average, Rate",7.14,7.06,6.59,5.77,5.54,5.23,5.46,5.32,5.24,5.06,4.94,5.74,6.45,7.30,8.16,8.60,7.39,6.74,6.52,6.90,6.26,6.48,6.21,7.09,7.06,6.34,6.45,7.07,7.55,7.80,8.80,8.99,7.98,7.08,6.74,6.44,6.41,5.86,5.64,6.29,6.04,5.60,5.82,5.88,6.30,8.06,8.40,8.27,8.13,8.80,9.42
Oman,"Exchange Rates, National Currency Per U.S. Dollar, Period Average, Rate",0.42,0.42,0.38,0.35,0.35,0.35,0.35,0.35,0.35,0.35,0.35,0.35,0.35,0.35,0.35,0.35,0.38,0.38,0.38,0.38,0.38,0.38,0.38,0.38,0.38,0.38,0.38,0.38,0.38,0.38,0.38,0.38,0.38,0.38,0.38,0.38,0.38,0.38,0.38,0.38,0.38,0.38,0.38,0.38,0.38,0.38,0.38,0.38,0.38,0.38,0.38
Pakistan,"Exchange Rates, National Currency Per U.S. Dollar, Period Average, Rate",4.76,4.76,8.68,9.99,9.90,9.90,9.90,9.90,9.90,9.90,9.90,9.90,11.85,13.12,14.05,15.93,16.65,17.40,18.00,20.54,21.71,23.80,25.08,28.11,30.57,31.64,36.08,41.11,45.05,49.50,53.65,61.93,59.72,57.75,58.26,59.51,60.27,60.74,70.41,81.71,85.19,86.34,93.40,101.63,101.10,102.77,104.77,105.46,121.82,150.04,161.84
"Palau, Rep. of","Exchange Rates, National Currency Per U.S. Dollar, Period Average, Rate",,,,,,,,,,,,,,,,,,,,,,,,,,,,,,,,,,,,1.00,1.00,1.00,1.00,1.00,1.00,1.00,1.00,1.00,1.00,1.00,1.00,1.00,1.00,1.00,1.00
Panama,"Exchange Rates, National Currency Per U.S. Dollar, Period Average, Rate",1.00,1.00,1.00,1.00,1.00,1.00,1.00,1.00,1.00,1.00,1.00,1.00,1.00,1.00,1.00,1.00,1.00,1.00,1.00,1.00,1.00,1.00,1.00,1.00,1.00,1.00,1.00,1.00,1.00,1.00,1.00,1.00,1.00,1.00,1.00,1.00,1.00,1.00,1.00,1.00,1.00,1.00,1.00,1.00,1.00,1.00,1.00,1.00,1.00,1.00,1.00
Papua New Guinea,"Exchange Rates, National Currency Per U.S. Dollar, Period Average, Rate",0.89,0.88,0.84,0.70,0.70,0.76,0.79,0.79,0.71,0.71,0.67,0.67,0.74,0.84,0.90,1.00,0.97,0.91,0.87,0.86,0.96,0.95,0.96,0.98,1.01,1.28,1.32,1.44,2.07,2.57,2.78,3.39,3.90,3.56,3.22,3.10,3.06,2.97,2.70,2.76,2.72,2.37,2.08,2.24,2.46,2.77,3.13,3.19,3.29,3.39,
Paraguay,"Exchange Rates, National Currency Per U.S. Dollar, Period Average, Rate",126.00,126.00,126.00,126.00,126.00,126.00,126.00,126.00,126.00,126.00,126.00,126.00,126.00,126.00,201.00,306.67,339.17,550.00,550.00,"1,056.22","1,229.81","1,325.18","1,500.26","1,744.35","1,904.76","1,963.02","2,056.81","2,177.86","2,726.49","3,119.07","3,486.35","4,105.93","5,716.26","6,424.34","5,974.58","6,177.93","5,635.09","5,032.71","4,363.29","4,966.68","4,758.43","4,193.80","4,421.66","4,303.88","4,462.19","5,204.92","5,670.54","5,618.93","5,732.10","6,240.72","6,771.10"
Peru,"Exchange Rates, National Currency Per U.S. Dollar, Period Average, Rate",0.00,0.00,0.00,0.00,0.00,0.00,0.00,0.00,0.00,0.00,0.00,0.00,0.00,0.00,0.00,0.00,0.00,0.00,0.00,0.00,0.19,0.77,1.25,1.99,2.20,2.25,2.45,2.66,2.93,3.38,3.49,3.51,3.52,3.48,3.41,3.30,3.27,3.13,2.92,3.01,2.83,2.75,2.64,2.70,2.84,3.18,3.38,3.26,3.29,3.34,
Philippines,"Exchange Rates, National Currency Per U.S. Dollar, Period Average, Rate",5.90,6.43,6.67,6.76,6.79,7.25,7.44,7.40,7.37,7.38,7.51,7.90,8.54,11.11,16.70,18.61,20.39,20.57,21.09,21.74,24.31,27.48,25.51,27.12,26.42,25.71,26.22,29.47,40.89,39.09,44.19,50.99,51.60,54.20,56.04,55.09,51.31,46.15,44.32,47.68,45.11,43.31,42.23,42.45,44.40,45.50,47.49,50.40,52.66,51.80,49.62
"Poland, Rep. of","Exchange Rates, National Currency Per U.S. Dollar, Period Average, Rate",0.00,0.00,0.00,0.00,0.00,0.00,0.00,0.00,0.00,0.00,0.00,0.01,0.01,0.01,0.01,0.01,0.02,0.03,0.04,0.14,0.95,1.06,1.36,1.81,2.27,2.42,2.70,3.28,3.48,3.97,4.35,4.09,4.08,3.89,3.66,3.24,3.10,2.77,2.41,3.12,3.02,2.96,3.26,3.16,3.15,3.77,3.94,3.78,3.61,3.84,3.90
Portugal,"Exchange Rates, National Currency Per U.S. Dollar, Period Average, Rate",28.75,28.36,27.05,24.52,25.41,25.55,30.23,38.28,43.94,48.92,50.06,61.55,79.47,110.78,146.39,170.39,149.59,140.88,143.95,157.46,142.55,144.48,135.00,160.80,165.99,151.11,154.24,175.31,180.10,,,,,,,,,,,,,,,,,,,,,,
Qatar,"Exchange Rates, National Currency Per U.S. Dollar, Period Average, Rate",4.76,4.75,4.39,4.00,3.95,3.93,3.96,3.96,3.88,3.77,3.66,3.64,3.64,3.64,3.64,3.64,3.64,3.64,3.64,3.64,3.64,3.64,3.64,3.64,3.64,3.64,3.64,3.64,3.64,3.64,3.64,3.64,3.64,3.64,3.64,3.64,3.64,3.64,3.64,3.64,3.64,3.64,3.64,3.64,3.64,3.64,3.64,3.64,3.64,3.64,3.64
Reunion,"Exchange Rates, National Currency Per U.S. Dollar, Period Average, Rate",5.55,5.54,5.05,4.46,4.81,4.29,4.78,4.91,4.51,4.25,4.23,5.43,6.57,7.62,8.74,8.99,6.93,6.01,5.96,6.38,5.45,5.64,5.29,5.66,5.55,4.99,5.12,5.84,5.90,,,,,,,,,,,,,,,,,,,,,,
Romania,"Exchange Rates, National Currency Per U.S. Dollar, Period Average, Rate",0.00,0.00,0.00,0.00,0.00,0.00,0.00,0.00,0.00,0.00,0.00,0.00,0.00,0.00,0.00,0.00,0.00,0.00,0.00,0.00,0.00,0.01,0.03,0.08,0.17,0.20,0.31,0.72,0.89,1.53,2.17,2.91,3.31,3.32,3.26,2.91,2.81,2.44,2.52,3.05,3.18,3.05,3.47,3.33,3.35,4.01,4.06,4.05,3.94,4.24,4.24
Russian Federation,"Exchange Rates, National Currency Per U.S. Dollar, Period Average, Rate",,,,,,,,,,,,,,,,,,,,,,,,0.99,,,5.12,5.78,9.71,24.62,28.13,29.17,31.35,30.69,28.81,28.28,27.19,25.58,24.85,31.74,30.37,29.38,30.84,31.84,38.38,60.94,67.06,58.34,62.67,64.74,72.10
Rwanda,"Exchange Rates, National Currency Per U.S. Dollar, Period Average, Rate",100.00,99.71,92.10,83.92,92.30,92.28,97.01,95.94,89.49,86.69,86.06,87.16,93.06,96.09,100.23,101.24,87.59,79.46,76.45,80.15,83.70,125.16,133.94,144.24,140.70,262.18,306.82,301.53,312.31,333.94,389.70,442.99,475.37,537.65,577.45,557.82,551.71,546.96,546.85,568.28,583.13,600.31,614.30,646.64,682.44,719.86,787.25,831.55,861.09,899.35,943.28
Saint Pierre and Miquelon,"Exchange Rates, National Currency Per U.S. Dollar, Period Average, Rate",5.55,5.54,5.05,4.46,4.81,4.29,4.78,4.91,4.51,4.25,4.23,5.43,6.57,7.62,8.74,8.99,6.93,6.01,5.96,6.38,5.45,5.64,5.29,5.66,5.55,4.99,5.12,5.84,5.90,,,,,,,,,,,,,,,,,,,,,,
Samoa,"Exchange Rates, National Currency Per U.S. Dollar, Period Average, Rate",0.72,0.72,0.68,0.61,0.61,0.63,0.80,0.79,0.74,0.83,0.92,1.03,1.21,1.55,1.86,2.25,2.24,2.12,2.08,2.27,2.31,2.40,2.47,2.57,2.54,2.47,2.46,2.56,2.95,3.01,3.29,3.48,3.38,2.97,2.78,2.71,2.78,2.62,2.64,2.73,2.48,2.32,2.29,2.31,2.33,2.56,2.56,2.55,2.59,2.65,2.66
"San Marino, Rep. of","Exchange Rates, National Currency Per U.S. Dollar, Period Average, Rate",,,583.22,583.00,650.34,652.85,832.33,882.39,848.66,830.86,856.45,"1,136.76","1,352.51","1,518.85","1,756.96","1,909.44","1,490.81","1,296.07","1,301.63","1,372.09","1,198.10","1,240.61","1,232.41","1,573.67","1,612.44","1,628.93","1,542.95","1,703.10","1,736.21",0.94,1.08,1.12,1.06,0.88,0.80,0.80,0.80,0.73,0.68,0.72,0.75,0.72,0.78,0.75,0.75,0.90,0.90,0.89,0.85,0.89,0.88
"São Tomé and Príncipe, Dem. Rep. of","Exchange Rates, National Currency Per U.S. Dollar, Period Average, Rate",0.03,0.03,0.03,0.02,0.03,0.03,0.03,0.04,0.04,0.04,0.03,0.04,0.04,0.04,0.04,0.04,0.04,0.05,0.09,0.12,0.14,,0.32,0.43,0.73,1.42,2.20,4.55,6.88,7.12,7.98,8.84,9.09,9.35,9.90,10.56,12.45,13.54,14.70,16.21,18.50,17.62,19.07,18.45,18.47,22.09,22.15,21.74,20.75,21.88,
Saudi Arabia,"Exchange Rates, National Currency Per U.S. Dollar, Period Average, Rate",4.50,4.49,4.14,3.71,3.55,3.52,3.53,3.53,3.40,3.36,3.33,3.38,3.43,3.45,3.52,3.62,3.71,3.75,3.75,3.75,3.75,3.75,3.75,3.75,3.75,3.75,3.75,3.75,3.75,3.75,3.75,3.75,3.75,3.75,3.75,3.75,3.75,3.75,3.75,3.75,3.75,3.75,3.75,3.75,3.75,3.75,3.75,3.75,3.75,3.75,3.75
Senegal,"Exchange Rates, National Currency Per U.S. Dollar, Period Average, Rate",276.40,275.36,252.03,222.89,240.70,214.31,238.95,245.68,225.66,212.72,211.28,271.73,328.61,381.07,436.96,449.26,346.31,300.54,297.85,319.01,272.26,282.11,264.69,283.16,555.20,499.15,511.55,583.67,589.95,615.47,710.21,732.40,693.71,579.90,527.34,527.26,522.43,478.63,446.00,470.29,494.79,471.25,510.56,493.90,493.76,591.21,592.61,580.66,555.45,585.91,575.59
"Serbia, Rep. of","Exchange Rates, National Currency Per U.S. Dollar, Period Average, Rate",,,,,,,,,,,,,,,,,,,,,,,,,,,,5.91,10.03,11.66,63.17,66.91,64.41,57.59,58.38,66.72,67.16,58.45,55.73,67.60,77.72,73.36,87.96,85.16,88.41,108.81,111.28,107.76,100.18,105.25,103.16
Seychelles,"Exchange Rates, National Currency Per U.S. Dollar, Period Average, Rate",5.56,5.49,5.34,5.44,5.70,6.03,7.42,7.64,6.95,6.33,6.39,6.31,6.55,6.77,7.06,7.13,6.18,5.60,5.38,5.65,5.34,5.29,5.12,5.18,5.06,4.76,4.97,5.03,5.26,5.34,5.71,5.86,5.48,5.40,5.50,5.50,5.52,6.70,9.46,13.61,12.07,12.38,13.70,12.06,12.75,13.31,13.32,13.65,13.91,14.03,17.62
Sierra Leone,"Exchange Rates, National Currency Per U.S. Dollar, Period Average, Rate",0.83,0.83,0.80,0.82,0.86,0.90,1.11,1.15,1.05,1.06,1.05,1.16,1.24,1.89,2.51,5.09,16.09,34.04,32.51,59.81,151.45,295.34,499.44,567.46,586.74,755.22,920.73,981.48,"1,563.62","1,804.20","2,092.13","1,986.15","2,099.03","2,347.94","2,701.30","2,889.59","2,961.91","2,985.19","2,981.52","3,385.65","3,978.09","4,349.16","4,344.04","4,332.50","4,524.16","5,080.75","6,290.30","7,384.43","7,931.63","9,010.22",
Singapore,"Exchange Rates, National Currency Per U.S. Dollar, Period Average, Rate",3.06,3.05,2.81,2.46,2.44,2.37,2.47,2.44,2.27,2.17,2.14,2.11,2.14,2.11,2.13,2.20,2.18,2.11,2.01,1.95,1.81,1.73,1.63,1.62,1.53,1.42,1.41,1.48,1.67,1.69,1.72,1.79,1.79,1.74,1.69,1.66,1.59,1.51,1.41,1.45,1.36,1.26,1.25,1.25,1.27,1.37,1.38,1.38,1.35,1.36,1.38
"Sint Maarten, Kingdom of the Netherlands","Exchange Rates, National Currency Per U.S. Dollar, Period Average, Rate",,,,,,,,,,,,,,,,,,,,,,,,,,,,,,,,,,,,,,,,,,1.79,1.79,1.79,1.79,1.79,1.79,1.79,1.79,1.79,1.79
Slovak Rep.,"Exchange Rates, National Currency Per U.S. Dollar, Period Average, Rate",,,,,,,,,,,,,,,,,,,,,,,,30.77,32.04,29.71,30.65,33.62,35.23,41.36,46.04,48.35,45.33,36.77,32.26,31.02,29.70,24.69,21.36,,,,,,,,,,,,
"Slovenia, Rep. of","Exchange Rates, National Currency Per U.S. Dollar, Period Average, Rate",,,,,,,,,,,,,,,,,,,,,,27.57,81.29,113.24,128.81,118.52,135.36,159.69,166.13,181.77,222.66,242.75,240.25,207.11,192.38,192.71,191.03,,,,,,,,,,,,,,
Solomon Islands,"Exchange Rates, National Currency Per U.S. Dollar, Period Average, Rate",0.89,0.88,0.84,0.70,0.70,0.76,0.82,0.90,0.87,0.87,0.83,0.87,0.97,1.15,1.27,1.48,1.74,2.00,2.08,2.29,2.53,2.71,2.93,3.19,3.29,3.41,3.57,3.72,4.82,4.84,5.09,5.28,6.75,7.51,7.48,7.53,7.61,7.65,7.75,8.06,8.06,7.64,7.36,7.30,7.38,7.91,7.95,7.89,7.95,8.17,
Somalia,"Exchange Rates, National Currency Per U.S. Dollar, Period Average, Rate",7.14,7.13,6.98,6.28,6.29,6.29,6.29,6.29,6.29,6.29,6.29,6.29,10.75,15.79,20.02,39.49,72.00,105.18,170.45,490.68,,,,,,,,,,,,,,,,,,,,"31,558.91","31,269.66","29,966.84","22,516.00","19,283.80","20,230.93","22,254.24","23,061.78","23,097.99",,,
South Africa,"Exchange Rates, National Currency Per U.S. Dollar, Period Average, Rate",0.71,0.72,0.77,0.69,0.68,0.74,0.87,0.87,0.87,0.84,0.78,0.88,1.09,1.11,1.48,2.23,2.29,2.04,2.27,2.62,2.59,2.76,2.85,3.27,3.55,3.63,4.30,4.61,5.53,6.11,6.94,8.61,10.54,7.56,6.46,6.36,6.77,7.05,8.26,8.47,7.32,7.26,8.21,9.66,10.85,12.76,14.71,13.32,13.23,14.45,16.46
"South Sudan, Rep. of","Exchange Rates, National Currency Per U.S. Dollar, Period Average, Rate",,,,,,,,,,,,,,,,,,,,,,,,,,,,,,,,,,,,,,,,,,2.99,2.95,2.95,2.95,3.60,46.73,113.65,141.39,158.00,165.91
Spain,"Exchange Rates, National Currency Per U.S. Dollar, Period Average, Rate",70.00,69.47,64.27,58.26,57.69,57.41,66.90,75.96,76.67,67.12,71.70,92.32,109.86,143.43,160.76,170.04,140.05,123.48,116.49,118.38,101.93,103.91,102.38,127.26,133.96,124.69,126.66,146.41,149.40,,,,,,,,,,,,,,,,,,,,,,
Sri Lanka,"Exchange Rates, National Currency Per U.S. Dollar, Period Average, Rate",5.95,5.93,5.97,6.40,6.65,7.01,8.41,8.87,15.61,15.57,16.53,19.25,20.81,23.53,25.44,27.16,28.02,29.44,31.81,36.05,40.06,41.37,43.83,48.32,49.42,51.25,55.27,58.99,64.45,70.64,77.01,89.38,95.66,96.52,101.19,100.50,103.91,110.62,108.33,114.94,113.06,110.57,127.60,129.07,130.56,135.86,145.58,152.45,162.46,178.74,
St. Kitts and Nevis,"Exchange Rates, National Currency Per U.S. Dollar, Period Average, Rate",2.00,1.97,1.92,1.96,2.05,2.17,2.61,2.70,2.70,2.70,2.70,2.70,2.70,2.70,2.70,2.70,2.70,2.70,2.70,2.70,2.70,2.70,2.70,2.70,2.70,2.70,2.70,2.70,2.70,2.70,2.70,2.70,2.70,2.70,2.70,2.70,2.70,2.70,2.70,2.70,2.70,2.70,2.70,2.70,2.70,2.70,2.70,2.70,2.70,2.70,2.70
St. Lucia,"Exchange Rates, National Currency Per U.S. Dollar, Period Average, Rate",2.00,1.97,1.92,1.96,2.05,2.17,2.61,2.70,2.70,2.70,2.70,2.70,2.70,2.70,2.70,2.70,2.70,2.70,2.70,2.70,2.70,2.70,2.70,2.70,2.70,2.70,2.70,2.70,2.70,2.70,2.70,2.70,2.70,2.70,2.70,2.70,2.70,2.70,2.70,2.70,2.70,2.70,2.70,2.70,2.70,2.70,2.70,2.70,2.70,2.70,2.70
St. Vincent and the Grenadines,"Exchange Rates, National Currency Per U.S. Dollar, Period Average, Rate",2.00,1.97,1.92,1.96,2.05,2.17,2.61,2.70,2.70,2.70,2.70,2.70,2.70,2.70,2.70,2.70,2.70,2.70,2.70,2.70,2.70,2.70,2.70,2.70,2.70,2.70,2.70,2.70,2.70,2.70,2.70,2.70,2.70,2.70,2.70,2.70,2.70,2.70,2.70,2.70,2.70,2.70,2.70,2.70,2.70,2.70,2.70,2.70,2.70,2.70,2.70
Sudan,"Exchange Rates, National Currency Per U.S. Dollar, Period Average, Rate",0.00,0.00,0.00,0.00,0.00,0.00,0.00,0.00,0.00,0.00,0.00,0.00,0.00,0.00,0.00,0.00,0.00,0.00,0.00,0.00,0.00,0.01,0.10,0.16,0.29,0.58,1.25,1.58,2.01,2.53,2.57,2.59,2.63,2.61,2.58,2.44,2.17,2.02,2.09,2.30,2.31,2.67,3.57,4.76,5.74,6.03,6.21,6.68,24.33,45.77,
Suriname,"Exchange Rates, National Currency Per U.S. Dollar, Period Average, Rate",0.00,0.00,0.00,0.00,0.00,0.00,0.00,0.00,0.00,0.00,0.00,0.00,0.00,0.00,0.00,0.00,0.00,0.00,0.00,0.00,0.00,0.00,0.00,0.00,0.22,0.44,0.40,0.40,0.40,0.83,1.32,2.18,2.35,2.60,2.73,2.73,2.74,2.75,2.75,2.75,2.75,3.27,3.30,3.30,3.30,3.42,6.23,7.49,7.46,7.46,9.31
Sweden,"Exchange Rates, National Currency Per U.S. Dollar, Period Average, Rate",5.17,5.13,4.76,4.37,4.44,4.15,4.36,4.48,4.52,4.29,4.23,5.06,6.28,7.67,8.27,8.60,7.12,6.34,6.13,6.45,5.92,6.05,5.82,7.78,7.72,7.13,6.71,7.63,7.95,8.26,9.16,10.33,9.74,8.09,7.35,7.47,7.38,6.76,6.59,7.65,7.21,6.49,6.78,6.51,6.86,8.43,8.56,8.55,8.69,9.46,9.21
Switzerland,"Exchange Rates, National Currency Per U.S. Dollar, Period Average, Rate",4.37,4.13,3.82,3.16,2.98,2.58,2.50,2.40,1.79,1.66,1.68,1.96,2.03,2.10,2.35,2.46,1.80,1.49,1.46,1.64,1.39,1.43,1.41,1.48,1.37,1.18,1.24,1.45,1.45,1.50,1.69,1.69,1.56,1.35,1.24,1.25,1.25,1.20,1.08,1.09,1.04,0.89,0.94,0.93,0.92,0.96,0.99,0.98,0.98,0.99,0.94
Syrian Arab Rep.,"Exchange Rates, National Currency Per U.S. Dollar, Period Average, Rate",3.82,3.82,3.82,3.82,3.73,3.70,3.85,3.92,3.92,3.92,3.92,3.92,3.92,3.92,3.92,3.93,3.93,3.93,11.23,11.23,11.23,11.23,11.23,11.23,11.23,11.23,11.23,11.23,11.23,11.23,11.23,11.23,11.23,11.23,11.23,11.23,11.23,11.23,11.23,11.23,11.23,48.34,64.58,108.73,154.13,237.03,460.28,492.61,,,
Taiwan Province of China,"Exchange Rates, National Currency Per U.S. Dollar, Period Average, Rate",40.00,40.00,40.03,38.26,38.00,38.00,38.00,38.00,37.05,36.02,36.00,36.85,39.12,40.07,39.60,39.85,37.92,31.84,28.59,26.41,26.85,26.81,25.16,26.39,26.46,26.49,27.46,28.70,33.46,32.27,31.23,33.81,34.58,34.42,33.43,32.18,32.53,32.84,31.53,33.06,31.65,29.47,29.62,29.77,30.37,31.91,32.33,30.44,30.16,30.93,
"Tajikistan, Rep. of","Exchange Rates, National Currency Per U.S. Dollar, Period Average, Rate",,,,,,,,,,,,,,,,,,,,,,,0.00,0.01,0.02,0.12,0.30,0.56,0.78,1.24,2.08,2.37,2.76,3.06,2.97,3.12,3.30,3.44,3.43,4.14,4.38,4.61,4.74,4.76,4.94,6.16,7.84,8.55,9.15,9.53,
"Tanzania, United Rep. of","Exchange Rates, National Currency Per U.S. Dollar, Period Average, Rate",7.14,7.14,7.14,7.02,7.13,7.37,8.38,8.29,7.71,8.22,8.20,8.28,9.28,11.14,15.29,17.47,32.70,64.26,99.29,143.38,195.06,219.16,297.71,405.27,509.63,574.76,579.98,612.12,664.67,744.76,800.41,876.41,966.58,"1,038.42","1,089.33","1,128.93","1,251.90","1,245.04","1,196.31","1,320.31","1,395.63","1,557.43","1,571.70","1,597.56","1,653.23","1,991.39","2,177.09","2,228.86","2,263.78","2,288.21",
Thailand,"Exchange Rates, National Currency Per U.S. Dollar, Period Average, Rate",20.80,20.80,20.80,20.62,20.38,20.38,20.40,20.40,20.34,20.42,20.48,21.82,23.00,23.00,23.64,27.16,26.30,25.72,25.29,25.70,25.59,25.52,25.40,25.32,25.15,24.92,25.34,31.36,41.36,37.81,40.11,44.43,42.96,41.48,40.22,40.22,37.88,34.52,33.31,34.29,31.69,30.49,31.08,30.73,32.48,34.25,35.30,33.94,32.31,31.05,31.29
"Timor-Leste, Dem. Rep. of","Exchange Rates, National Currency Per U.S. Dollar, Period Average, Rate",1.00,1.00,1.00,1.00,1.00,1.00,1.00,1.00,1.00,1.00,1.00,1.00,1.00,1.00,1.00,1.00,1.00,1.00,1.00,1.00,1.00,1.00,1.00,1.00,1.00,1.00,1.00,1.00,1.00,1.00,1.00,1.00,1.00,1.00,1.00,1.00,1.00,1.00,1.00,1.00,1.00,1.00,1.00,1.00,1.00,1.00,1.00,1.00,1.00,1.00,1.00
Togo,"Exchange Rates, National Currency Per U.S. Dollar, Period Average, Rate",276.40,275.36,252.03,222.89,240.70,214.31,238.95,245.68,225.66,212.72,211.28,271.73,328.61,381.07,436.96,449.26,346.31,300.54,297.85,319.01,272.26,282.11,264.69,283.16,555.20,499.15,511.55,583.67,589.95,615.47,710.21,732.40,693.71,579.90,527.34,527.26,522.43,478.63,446.00,470.29,494.79,471.25,510.56,493.90,493.76,591.21,592.61,580.66,555.45,585.91,575.59
Tonga,"Exchange Rates, National Currency Per U.S. Dollar, Period Average, Rate",0.89,0.88,0.82,0.70,0.70,0.76,0.82,0.90,0.87,0.89,0.88,0.87,0.99,1.11,1.14,1.43,1.50,1.43,1.28,1.26,1.28,1.30,1.35,1.38,1.32,1.27,1.23,1.26,1.49,1.60,1.76,2.12,2.20,2.15,1.97,1.94,2.03,1.97,1.94,2.03,1.91,1.73,1.72,1.77,1.85,2.11,2.22,2.21,2.24,2.29,
Trinidad and Tobago,"Exchange Rates, National Currency Per U.S. Dollar, Period Average, Rate",2.00,1.97,1.92,1.96,2.05,2.17,2.44,2.40,2.40,2.40,2.40,2.40,2.40,2.40,2.40,2.45,3.60,3.60,3.84,4.25,4.25,4.25,4.25,5.35,5.92,5.95,6.01,6.25,6.30,6.30,6.30,6.23,6.25,6.30,6.30,6.30,6.31,6.33,6.29,6.32,6.38,6.41,6.43,6.44,6.41,6.38,6.67,6.78,6.77,6.75,6.75
Tunisia,"Exchange Rates, National Currency Per U.S. Dollar, Period Average, Rate",0.52,0.52,0.48,0.42,0.44,0.40,0.43,0.43,0.42,0.41,0.40,0.49,0.59,0.68,0.78,0.83,0.79,0.83,0.86,0.95,0.88,0.92,0.88,1.00,1.01,0.95,0.97,1.11,1.14,1.19,1.37,1.44,1.42,1.29,1.25,1.30,1.33,1.28,1.23,1.35,1.43,1.41,1.56,1.62,1.70,1.96,2.15,2.42,2.65,2.93,
Turkey,"Exchange Rates, National Currency Per U.S. Dollar, Period Average, Rate",0.00,0.00,0.00,0.00,0.00,0.00,0.00,0.00,0.00,0.00,0.00,0.00,0.00,0.00,0.00,0.00,0.00,0.00,0.00,0.00,0.00,0.00,0.01,0.01,0.03,0.05,0.08,0.15,0.26,0.42,0.63,1.23,1.51,1.50,1.43,1.34,1.43,1.30,1.30,1.55,1.50,1.67,1.80,1.90,2.19,2.72,3.02,3.65,4.83,5.67,
Turkmenistan,"Exchange Rates, National Currency Per U.S. Dollar, Period Average, Rate",,,,,,,,,,,,,,,,,,,,,,,,,19.20,110.92,"3,257.67","4,143.42","4,890.17","5,200.00","5,200.00","5,200.00",,,,,,,,,,,,,,,,,,,
Uganda,"Exchange Rates, National Currency Per U.S. Dollar, Period Average, Rate",0.07,0.07,0.07,0.07,0.07,0.07,0.08,0.08,0.08,0.07,0.07,0.50,0.94,1.54,3.60,6.72,14.00,42.84,106.14,223.09,428.85,734.01,"1,133.83","1,195.02",979.45,968.92,"1,046.08","1,083.01","1,240.31","1,454.83","1,644.48","1,755.66","1,797.55","1,963.72","1,810.30","1,780.54","1,831.45","1,723.49","1,720.44","2,030.49","2,177.56","2,522.80","2,504.56","2,586.89","2,599.79","3,240.65","3,420.10","3,611.22","3,727.07","3,704.05","3,718.25"
Ukraine,"Exchange Rates, National Currency Per U.S. Dollar, Period Average, Rate",,,,,,,,,,,,,,,,,,,,,,,,0.05,0.33,1.47,1.83,1.86,2.45,4.13,5.44,5.37,5.33,5.33,5.32,5.12,5.05,5.05,5.27,7.79,7.94,7.97,7.99,7.99,11.89,21.84,25.55,26.60,27.20,25.85,26.96
United Arab Emirates,"Exchange Rates, National Currency Per U.S. Dollar, Period Average, Rate",4.76,4.75,4.39,4.00,3.96,3.96,3.95,3.90,3.87,3.82,3.71,3.67,3.67,3.67,3.67,3.67,3.67,3.67,3.67,3.67,3.67,3.67,3.67,3.67,3.67,3.67,3.67,3.67,3.67,3.67,3.67,3.67,3.67,3.67,3.67,3.67,3.67,3.67,3.67,3.67,3.67,3.67,3.67,3.67,3.67,3.67,3.67,3.67,3.67,3.67,3.67
United Kingdom,"Exchange Rates, National Currency Per U.S. Dollar, Period Average, Rate",0.42,0.41,0.40,0.41,0.43,0.45,0.56,0.57,0.52,0.47,0.43,0.50,0.57,0.66,0.75,0.78,0.68,0.61,0.56,0.61,0.56,0.57,0.57,0.67,0.65,0.63,0.64,0.61,0.60,0.62,0.66,0.69,0.67,0.61,0.55,0.55,0.54,0.50,0.54,0.64,0.65,0.62,0.63,0.64,0.61,0.65,0.74,0.78,0.75,0.78,0.78
United States,"Exchange Rates, National Currency Per U.S. Dollar, Period Average, Rate",1.00,1.00,1.00,1.00,1.00,1.00,1.00,1.00,1.00,1.00,1.00,1.00,1.00,1.00,1.00,1.00,1.00,1.00,1.00,1.00,1.00,1.00,1.00,1.00,1.00,1.00,1.00,1.00,1.00,1.00,1.00,1.00,1.00,1.00,1.00,1.00,1.00,1.00,1.00,1.00,1.00,1.00,1.00,1.00,1.00,1.00,1.00,1.00,1.00,1.00,1.00
Uruguay,"Exchange Rates, National Currency Per U.S. Dollar, Period Average, Rate",0.00,0.00,0.00,0.00,0.00,0.00,0.00,0.00,0.01,0.01,0.01,0.01,0.01,0.03,0.06,0.10,0.15,0.23,0.36,0.62,1.17,2.02,3.02,3.94,5.04,6.35,7.97,9.44,10.47,11.34,12.10,13.32,21.26,28.21,28.70,24.48,24.07,23.47,20.95,22.57,20.06,19.31,20.31,20.48,23.25,27.33,30.16,28.68,30.73,35.26,
USSR,"Exchange Rates, National Currency Per U.S. Dollar, Period Average, Rate",0.90,0.90,0.82,0.74,0.76,,,,,,,,,,,,,,,,,,,,,,,,,,,,,,,,,,,,,,,,,,,,,,
"Uzbekistan, Rep. of","Exchange Rates, National Currency Per U.S. Dollar, Period Average, Rate",,,,,,,,,,,,,,,,,,,,,,,,,,29.78,40.07,62.92,94.49,124.63,236.61,,,,,,,,,,,,,"2,094.99","2,310.95","2,567.99","2,965.25","5,113.88","8,069.61","8,836.79",
Vanuatu,"Exchange Rates, National Currency Per U.S. Dollar, Period Average, Rate",100.99,100.69,81.61,72.04,77.80,69.27,77.24,79.41,72.94,68.76,68.29,87.83,96.21,99.37,99.23,106.03,106.08,109.85,104.43,116.04,117.06,111.68,113.39,121.58,116.41,112.11,111.72,115.87,127.52,129.08,137.64,145.31,139.20,122.19,111.79,109.25,110.64,102.44,101.33,106.74,96.91,89.47,92.64,94.54,97.07,108.99,108.48,107.82,110.17,114.73,
"Venezuela, Rep. Bolivariana de","Exchange Rates, National Currency Per U.S. Dollar, Period Average, Rate",0.00,0.00,0.00,0.00,0.00,0.00,0.00,0.00,0.00,0.00,0.00,0.00,0.00,0.00,0.01,0.01,0.01,0.01,0.01,0.03,0.05,0.06,0.07,0.09,0.15,0.18,0.42,0.49,0.55,0.61,0.68,0.72,1.16,1.61,1.89,2.09,2.15,2.15,2.15,2.15,2.58,4.29,4.29,6.05,6.28,6.28,9.26,9.98,,,
Vietnam,"Exchange Rates, National Currency Per U.S. Dollar, Period Average, Rate",,,,,,,,,,,,,,1.00,,,22.94,78.95,611.65,"4,501.69","6,537.60","10,121.89","11,202.19","10,640.96","10,965.67","11,038.25","11,032.58","11,683.33","13,268.00","13,943.17","14,167.75","14,725.17","15,279.50","15,509.58","15,746.00","15,858.92","15,994.25","16,105.13","16,302.25","17,065.08","18,612.92","20,509.75","20,828.00","20,933.42","21,148.00","21,697.57","21,935.00","22,370.09","22,602.05","23,050.24","23,208.37"
Yemen Arab Rep.,"Exchange Rates, National Currency Per U.S. Dollar, Period Average, Rate",5.46,5.47,4.69,4.61,4.56,4.56,4.56,4.56,4.56,4.56,4.56,4.56,4.56,4.58,5.35,7.36,9.64,10.34,9.77,9.76,,,,,,,,,,,,,,,,,,,,,,,,,,,,,,,
"Yemen, People's Dem. Rep. of","Exchange Rates, National Currency Per U.S. Dollar, Period Average, Rate",0.42,0.42,0.38,0.35,0.35,0.35,0.35,0.35,0.35,0.35,0.35,0.35,0.35,0.35,0.35,0.35,0.35,0.35,0.35,0.35,,,,,,,,,,,,,,,,,,,,,,,,,,,,,,,
"Yemen, Rep. of","Exchange Rates, National Currency Per U.S. Dollar, Period Average, Rate",,,,,,,,,,,,,,,,,,,,,12.01,12.01,12.01,12.01,12.01,40.84,94.16,129.28,135.88,155.72,161.72,168.67,175.63,183.45,184.78,191.51,197.05,198.95,199.76,202.85,219.59,213.80,214.35,214.89,214.89,214.89,241.27,250.25,250.25,250.25,250.25
Yugoslavia,"Exchange Rates, National Currency Per U.S. Dollar, Period Average, Rate",0.00,0.00,0.00,0.00,0.00,0.00,0.00,0.00,0.00,0.00,0.00,0.00,0.01,0.01,0.02,0.03,0.04,0.07,0.25,2.88,11.32,19.64,,,,,,,,,,,,,,,,,,,,,,,,,,,,,
Zambia,"Exchange Rates, National Currency Per U.S. Dollar, Period Average, Rate",0.71,0.71,0.00,0.00,0.00,0.00,0.00,0.00,0.00,0.00,0.00,0.00,0.00,0.00,0.00,0.00,0.01,0.01,0.01,0.01,0.03,0.06,0.17,0.45,0.67,0.86,1.21,1.31,1.86,2.39,3.11,3.61,4.40,4.73,4.78,4.47,3.60,4.00,3.75,5.05,4.80,4.86,5.15,5.40,6.15,8.63,10.31,9.52,10.46,12.89,18.33
Zimbabwe,"Exchange Rates, National Currency Per U.S. Dollar, Period Average, Rate",0.00,0.00,0.00,0.00,0.00,0.00,0.00,0.00,0.00,0.00,0.00,0.00,0.00,0.00,0.00,0.00,0.00,0.00,0.00,0.00,0.00,0.00,0.01,0.01,0.01,0.01,0.01,0.01,0.02,0.04,0.04,0.06,0.06,0.70,5.07,22.39,164.55,"9,686.77","6,723,052,073.34",,,,,,,,,,,,
